1660180740	2022-08-11 03:19:00	off
1660187527	2022-08-11 05:12:07	off
1660191335	2022-08-11 06:15:35	off
1660198788	2022-08-11 08:19:48	off
1660202586	2022-08-11 09:23:06	off
1660206290	2022-08-11 10:24:50	off
1660217768	2022-08-11 13:36:08	off
1660219468	2022-08-11 14:04:28	off
1660221236	2022-08-11 14:33:56	off
1660221968	2022-08-11 14:46:08	off
1660224237	2022-08-11 15:23:57	off
1660227934	2022-08-11 16:25:34	off
1660235119	2022-08-11 18:25:19	off
1660242216	2022-08-11 20:23:36	off
1660246121	2022-08-11 21:28:41	off
1660249630	2022-08-11 22:27:10	off
