0	0	2022-08-12 13:00:00
1	0	2022-08-12 13:01:00
2	0	2022-08-12 13:02:00
3	0	2022-08-12 13:03:00
4	0	2022-08-12 13:04:00
5	0	2022-08-12 13:05:00
6	0	2022-08-12 13:06:00
7	0	2022-08-12 13:07:00
8	0	2022-08-12 13:08:00
9	0	2022-08-12 13:09:00
10	0	2022-08-12 13:10:00
11	0	2022-08-12 13:11:00
12	0	2022-08-12 13:12:00
13	0	2022-08-12 13:13:00
14	0	2022-08-12 13:14:00
15	0	2022-08-12 13:15:00
16	0	2022-08-12 13:16:00
17	0	2022-08-12 13:17:00
18	0	2022-08-12 13:18:00
19	0	2022-08-12 13:19:00
20	0	2022-08-12 13:20:00
21	0	2022-08-12 13:21:00
22	0	2022-08-12 13:22:00
23	0	2022-08-12 13:23:00
24	0	2022-08-12 13:24:00
25	0	2022-08-12 13:25:00
26	0	2022-08-12 13:26:00
27	0	2022-08-12 13:27:00
28	0	2022-08-12 13:28:00
29	0	2022-08-12 13:29:00
30	0	2022-08-12 13:30:00
31	0	2022-08-12 13:31:00
32	0	2022-08-12 13:32:00
33	0	2022-08-12 13:33:00
34	0	2022-08-12 13:34:00
35	0	2022-08-12 13:35:00
36	0	2022-08-12 13:36:00
37	0	2022-08-12 13:37:00
38	0	2022-08-12 13:38:00
39	0	2022-08-12 13:39:00
40	0	2022-08-12 13:40:00
41	0	2022-08-12 13:41:00
42	0	2022-08-12 13:42:00
43	0	2022-08-12 13:43:00
44	0	2022-08-12 13:44:00
45	0	2022-08-12 13:45:00
46	0	2022-08-12 13:46:00
47	0	2022-08-12 13:47:00
48	0	2022-08-12 13:48:00
49	0	2022-08-12 13:49:00
50	0	2022-08-12 13:50:00
51	0	2022-08-12 13:51:00
52	-246.8	2022-08-12 13:52:00
53	-220.24	2022-08-12 13:53:00
54	-222.14	2022-08-12 13:54:00
55	-214.75	2022-08-12 13:55:00
56	-2810.98	2022-08-12 13:56:00
57	-218.1	2022-08-12 13:57:00
58	-2751.38	2022-08-12 13:58:00
59	-2142.28	2022-08-12 13:59:00
60	-2171.06	2022-08-12 14:00:00
61	-2170.37	2022-08-12 14:01:00
62	-2157.65	2022-08-12 14:02:00
63	-2152.84	2022-08-12 14:03:00
64	-2125.56	2022-08-12 14:04:00
65	-2213.05	2022-08-12 14:05:00
66	-2200.27	2022-08-12 14:06:00
67	-2190.8	2022-08-12 14:07:00
68	-2188.78	2022-08-12 14:08:00
69	-2185.99	2022-08-12 14:09:00
70	-2132.16	2022-08-12 14:10:00
71	-2127.6	2022-08-12 14:11:00
72	-2113.94	2022-08-12 14:12:00
73	-2106.01	2022-08-12 14:13:00
74	-2090.71	2022-08-12 14:14:00
75	-2289.94	2022-08-12 14:15:00
76	-2152.67	2022-08-12 14:16:00
77	-2104.62	2022-08-12 14:17:00
78	-2084.79	2022-08-12 14:18:00
79	-2111.24	2022-08-12 14:19:00
80	-2180.13	2022-08-12 14:20:00
81	-2265.55	2022-08-12 14:21:00
82	-2231.2	2022-08-12 14:22:00
83	-2414.6	2022-08-12 14:23:00
84	-2521.77	2022-08-12 14:24:00
85	-2487.27	2022-08-12 14:25:00
86	-2440.82	2022-08-12 14:26:00
87	-218.02	2022-08-12 14:27:00
88	-241.57	2022-08-12 14:28:00
89	-209.58	2022-08-12 14:29:00
90	-290.64	2022-08-12 14:30:00
91	-254.84	2022-08-12 14:31:00
92	-265.4	2022-08-12 14:32:00
93	-260.73	2022-08-12 14:33:00
94	-266.23	2022-08-12 14:34:00
95	-269.63	2022-08-12 14:35:00
96	-247.63	2022-08-12 14:36:00
97	-251.17	2022-08-12 14:37:00
98	-247.36	2022-08-12 14:38:00
99	-252.98	2022-08-12 14:39:00
100	-242.85	2022-08-12 14:40:00
101	-217.66	2022-08-12 14:41:00
102	-196.18	2022-08-12 14:42:00
103	-225.06	2022-08-12 14:43:00
104	-227.44	2022-08-12 14:44:00
105	-214.26	2022-08-12 14:45:00
106	-232.03	2022-08-12 14:46:00
107	-291.68	2022-08-12 14:47:00
108	-247.41	2022-08-12 14:48:00
109	-205.71	2022-08-12 14:49:00
110	-221.16	2022-08-12 14:50:00
111	-194.75	2022-08-12 14:51:00
112	-222.19	2022-08-12 14:52:00
113	-201.46	2022-08-12 14:53:00
114	-224.14	2022-08-12 14:54:00
115	-226.29	2022-08-12 14:55:00
116	-246.75	2022-08-12 14:56:00
117	-210.92	2022-08-12 14:57:00
118	-242.14	2022-08-12 14:58:00
119	-211.41	2022-08-12 14:59:00
120	-215.7	2022-08-12 15:00:00
121	-203.71	2022-08-12 15:01:00
122	-203.11	2022-08-12 15:02:00
123	-191.58	2022-08-12 15:03:00
124	-222.63	2022-08-12 15:04:00
125	-200.95	2022-08-12 15:05:00
126	-228.84	2022-08-12 15:06:00
127	-220.03	2022-08-12 15:07:00
128	-253.08	2022-08-12 15:08:00
129	-213.01	2022-08-12 15:09:00
130	-228.72	2022-08-12 15:10:00
131	-201.66	2022-08-12 15:11:00
132	-201.49	2022-08-12 15:12:00
133	-235.48	2022-08-12 15:13:00
134	-225.39	2022-08-12 15:14:00
135	-226.53	2022-08-12 15:15:00
136	-230.86	2022-08-12 15:16:00
137	-284.33	2022-08-12 15:17:00
138	-278.14	2022-08-12 15:18:00
139	-283.94	2022-08-12 15:19:00
140	-275.97	2022-08-12 15:20:00
141	-241.74	2022-08-12 15:21:00
142	-3858.31	2022-08-12 15:22:00
143	-3820.69	2022-08-12 15:23:00
144	-3829.28	2022-08-12 15:24:00
145	-2012.64	2022-08-12 15:25:00
146	-2167.81	2022-08-12 15:26:00
147	-2023.51	2022-08-12 15:27:00
148	-2045.4	2022-08-12 15:28:00
149	-2059.83	2022-08-12 15:29:00
150	-2059.58	2022-08-12 15:30:00
151	-397.83	2022-08-12 15:31:00
152	-620.95	2022-08-12 15:32:00
153	-400.6	2022-08-12 15:33:00
154	-387.82	2022-08-12 15:34:00
155	-409.37	2022-08-12 15:35:00
156	-400.66	2022-08-12 15:36:00
157	-400.96	2022-08-12 15:37:00
158	-372.26	2022-08-12 15:38:00
159	-360.01	2022-08-12 15:39:00
160	-352.22	2022-08-12 15:40:00
161	-339.29	2022-08-12 15:41:00
162	-394.2	2022-08-12 15:42:00
163	-575.19	2022-08-12 15:43:00
164	-393.51	2022-08-12 15:44:00
165	-361.29	2022-08-12 15:45:00
166	-361.31	2022-08-12 15:46:00
167	-2074.95	2022-08-12 15:47:00
168	-2082.26	2022-08-12 15:48:00
169	-2037.23	2022-08-12 15:49:00
170	-2045.67	2022-08-12 15:50:00
171	-2035.11	2022-08-12 15:51:00
172	-1997.41	2022-08-12 15:52:00
173	-1988.86	2022-08-12 15:53:00
174	-1994.58	2022-08-12 15:54:00
175	-359.09	2022-08-12 15:55:00
176	-416.68	2022-08-12 15:56:00
177	-377.68	2022-08-12 15:57:00
178	-385.31	2022-08-12 15:58:00
179	-388.4	2022-08-12 15:59:00
180	-361.92	2022-08-12 16:00:00
181	-357.49	2022-08-12 16:01:00
182	-376.34	2022-08-12 16:02:00
183	-361.21	2022-08-12 16:03:00
184	-371.62	2022-08-12 16:04:00
185	-384.34	2022-08-12 16:05:00
186	-356.96	2022-08-12 16:06:00
187	-353.95	2022-08-12 16:07:00
188	-367.36	2022-08-12 16:08:00
189	-365.39	2022-08-12 16:09:00
190	-357.76	2022-08-12 16:10:00
191	-362.09	2022-08-12 16:11:00
192	-366.49	2022-08-12 16:12:00
193	-367.32	2022-08-12 16:13:00
194	-360.59	2022-08-12 16:14:00
195	-359.5	2022-08-12 16:15:00
196	-358.27	2022-08-12 16:16:00
197	-361.16	2022-08-12 16:17:00
198	-387.26	2022-08-12 16:18:00
199	-361.5	2022-08-12 16:19:00
200	-362.44	2022-08-12 16:20:00
201	-361.14	2022-08-12 16:21:00
202	-362.44	2022-08-12 16:22:00
203	-359.24	2022-08-12 16:23:00
204	-365.63	2022-08-12 16:24:00
205	-361.7	2022-08-12 16:25:00
206	-361.86	2022-08-12 16:26:00
207	-358.0	2022-08-12 16:27:00
208	-362.62	2022-08-12 16:28:00
209	-365.52	2022-08-12 16:29:00
210	-298.21	2022-08-12 16:30:00
211	-364.25	2022-08-12 16:31:00
212	-360.24	2022-08-12 16:32:00
213	-359.23	2022-08-12 16:33:00
214	-366.14	2022-08-12 16:34:00
215	-360.68	2022-08-12 16:35:00
216	-357.81	2022-08-12 16:36:00
217	-299.81	2022-08-12 16:37:00
218	-2060.57	2022-08-12 16:38:00
219	-2039.05	2022-08-12 16:39:00
220	-2037.51	2022-08-12 16:40:00
221	-2058.16	2022-08-12 16:41:00
222	-2042.86	2022-08-12 16:42:00
223	-2053.65	2022-08-12 16:43:00
224	-2051.81	2022-08-12 16:44:00
225	-2062.68	2022-08-12 16:45:00
226	-2070.43	2022-08-12 16:46:00
227	-2054.79	2022-08-12 16:47:00
228	-2071.16	2022-08-12 16:48:00
229	-2059.61	2022-08-12 16:49:00
230	-2058.07	2022-08-12 16:50:00
231	-300.62	2022-08-12 16:51:00
232	-295.83	2022-08-12 16:52:00
233	-286.32	2022-08-12 16:53:00
234	-317.72	2022-08-12 16:54:00
235	-293.45	2022-08-12 16:55:00
236	-285.87	2022-08-12 16:56:00
237	-285.46	2022-08-12 16:57:00
238	-317.62	2022-08-12 16:58:00
239	-289.82	2022-08-12 16:59:00
240	-314.94	2022-08-12 17:00:00
241	-300.16	2022-08-12 17:01:00
242	-312.91	2022-08-12 17:02:00
243	-289.48	2022-08-12 17:03:00
244	-289.35	2022-08-12 17:04:00
245	-285.74	2022-08-12 17:05:00
246	-292.58	2022-08-12 17:06:00
247	-318.81	2022-08-12 17:07:00
248	-318.66	2022-08-12 17:08:00
249	-298.99	2022-08-12 17:09:00
250	-291.18	2022-08-12 17:10:00
251	-294.99	2022-08-12 17:11:00
252	-288.16	2022-08-12 17:12:00
253	-295.54	2022-08-12 17:13:00
254	-312.74	2022-08-12 17:14:00
255	-305.61	2022-08-12 17:15:00
256	-291.81	2022-08-12 17:16:00
257	-292.02	2022-08-12 17:17:00
258	-290.35	2022-08-12 17:18:00
259	-287.93	2022-08-12 17:19:00
260	-328.47	2022-08-12 17:20:00
261	-287.55	2022-08-12 17:21:00
262	-267.6	2022-08-12 17:22:00
263	-469.43	2022-08-12 17:23:00
264	0	2022-08-12 17:24:00
265	0	2022-08-12 17:25:00
266	0	2022-08-12 17:26:00
267	0	2022-08-12 17:27:00
268	0	2022-08-12 17:28:00
269	0	2022-08-12 17:29:00
270	0	2022-08-12 17:30:00
271	-240.75	2022-08-12 17:31:00
272	0	2022-08-12 17:32:00
273	0	2022-08-12 17:33:00
274	0	2022-08-12 17:34:00
275	0	2022-08-12 17:35:00
276	-239.1	2022-08-12 17:36:00
277	0	2022-08-12 17:37:00
278	0	2022-08-12 17:38:00
279	0	2022-08-12 17:39:00
280	0	2022-08-12 17:40:00
281	0	2022-08-12 17:41:00
282	0	2022-08-12 17:42:00
283	0	2022-08-12 17:43:00
284	0	2022-08-12 17:44:00
285	0	2022-08-12 17:45:00
286	0	2022-08-12 17:46:00
287	0	2022-08-12 17:47:00
288	0	2022-08-12 17:48:00
289	0	2022-08-12 17:49:00
290	0	2022-08-12 17:50:00
291	0	2022-08-12 17:51:00
292	0	2022-08-12 17:52:00
293	0	2022-08-12 17:53:00
294	0	2022-08-12 17:54:00
295	0	2022-08-12 17:55:00
296	0	2022-08-12 17:56:00
297	0	2022-08-12 17:57:00
298	0	2022-08-12 17:58:00
299	0	2022-08-12 17:59:00
300	0	2022-08-12 18:00:00
301	0	2022-08-12 18:01:00
302	0	2022-08-12 18:02:00
303	0	2022-08-12 18:03:00
304	0	2022-08-12 18:04:00
305	0	2022-08-12 18:05:00
306	0	2022-08-12 18:06:00
307	0	2022-08-12 18:07:00
308	0	2022-08-12 18:08:00
309	0	2022-08-12 18:09:00
310	-304.68	2022-08-12 18:10:00
311	-324.84	2022-08-12 18:11:00
312	-329.13	2022-08-12 18:12:00
313	-277.37	2022-08-12 18:13:00
314	-331.76	2022-08-12 18:14:00
315	-328.51	2022-08-12 18:15:00
316	-1339.17	2022-08-12 18:16:00
317	-1321.44	2022-08-12 18:17:00
318	-1308.69	2022-08-12 18:18:00
319	-1969.51	2022-08-12 18:19:00
320	-347.47	2022-08-12 18:20:00
321	-314.82	2022-08-12 18:21:00
322	-332.41	2022-08-12 18:22:00
323	-329.61	2022-08-12 18:23:00
324	-348.15	2022-08-12 18:24:00
325	-358.06	2022-08-12 18:25:00
326	-366.07	2022-08-12 18:26:00
327	-367.38	2022-08-12 18:27:00
328	-305.66	2022-08-12 18:28:00
329	-294.59	2022-08-12 18:29:00
330	-307.84	2022-08-12 18:30:00
331	-288.53	2022-08-12 18:31:00
332	-309.28	2022-08-12 18:32:00
333	-290.29	2022-08-12 18:33:00
334	-312.43	2022-08-12 18:34:00
335	-330.23	2022-08-12 18:35:00
336	-328.82	2022-08-12 18:36:00
337	-309.81	2022-08-12 18:37:00
338	-314.82	2022-08-12 18:38:00
339	-310.91	2022-08-12 18:39:00
340	-301.06	2022-08-12 18:40:00
341	-282.52	2022-08-12 18:41:00
342	-200.05	2022-08-12 18:42:00
343	-214.65	2022-08-12 18:43:00
344	-237.63	2022-08-12 18:44:00
345	-215.75	2022-08-12 18:45:00
346	-237.43	2022-08-12 18:46:00
347	-212.58	2022-08-12 18:47:00
348	-211.33	2022-08-12 18:48:00
349	-250.0	2022-08-12 18:49:00
350	-218.31	2022-08-12 18:50:00
351	-217.39	2022-08-12 18:51:00
352	-219.22	2022-08-12 18:52:00
353	-224.9	2022-08-12 18:53:00
354	-247.88	2022-08-12 18:54:00
355	-228.08	2022-08-12 18:55:00
356	-250.37	2022-08-12 18:56:00
357	-250.98	2022-08-12 18:57:00
358	-216.61	2022-08-12 18:58:00
359	-216.32	2022-08-12 18:59:00
360	-218.01	2022-08-12 19:00:00
361	-249.36	2022-08-12 19:01:00
362	-218.12	2022-08-12 19:02:00
363	-252.99	2022-08-12 19:03:00
364	-224.27	2022-08-12 19:04:00
365	-232.92	2022-08-12 19:05:00
366	-209.13	2022-08-12 19:06:00
367	-207.91	2022-08-12 19:07:00
368	-201.0	2022-08-12 19:08:00
369	-196.03	2022-08-12 19:09:00
370	-196.86	2022-08-12 19:10:00
371	-200.93	2022-08-12 19:11:00
372	-195.87	2022-08-12 19:12:00
373	-237.81	2022-08-12 19:13:00
374	-225.69	2022-08-12 19:14:00
375	-208.86	2022-08-12 19:15:00
376	-198.8	2022-08-12 19:16:00
377	-204.97	2022-08-12 19:17:00
378	-197.07	2022-08-12 19:18:00
379	-211.06	2022-08-12 19:19:00
380	-212.67	2022-08-12 19:20:00
381	-209.23	2022-08-12 19:21:00
382	-217.4	2022-08-12 19:22:00
383	-206.63	2022-08-12 19:23:00
384	-221.99	2022-08-12 19:24:00
385	-197.79	2022-08-12 19:25:00
386	-129.82	2022-08-12 19:26:00
387	-115.88	2022-08-12 19:27:00
388	-330.17	2022-08-12 19:28:00
389	-344.92	2022-08-12 19:29:00
390	-346.6	2022-08-12 19:30:00
391	-333.83	2022-08-12 19:31:00
392	-328.59	2022-08-12 19:32:00
393	-326.48	2022-08-12 19:33:00
394	-307.42	2022-08-12 19:34:00
395	-284.04	2022-08-12 19:35:00
396	-283.04	2022-08-12 19:36:00
397	-284.36	2022-08-12 19:37:00
398	-304.56	2022-08-12 19:38:00
399	-281.07	2022-08-12 19:39:00
400	-282.24	2022-08-12 19:40:00
401	-279.6	2022-08-12 19:41:00
402	-279.51	2022-08-12 19:42:00
403	-276.99	2022-08-12 19:43:00
404	-277.46	2022-08-12 19:44:00
405	-276.16	2022-08-12 19:45:00
406	-302.0	2022-08-12 19:46:00
407	-275.09	2022-08-12 19:47:00
408	-316.07	2022-08-12 19:48:00
409	-311.99	2022-08-12 19:49:00
410	-301.69	2022-08-12 19:50:00
411	-279.21	2022-08-12 19:51:00
412	-315.07	2022-08-12 19:52:00
413	-314.91	2022-08-12 19:53:00
414	-315.67	2022-08-12 19:54:00
415	-100.1	2022-08-12 19:55:00
416	-104.4	2022-08-12 19:56:00
417	-104.39	2022-08-12 19:57:00
418	-103.04	2022-08-12 19:58:00
419	-106.11	2022-08-12 19:59:00
420	-85.36	2022-08-12 20:00:00
421	-94.74	2022-08-12 20:01:00
422	-1190.96	2022-08-12 20:02:00
423	-169.48	2022-08-12 20:03:00
424	-166.84	2022-08-12 20:04:00
425	-166.5	2022-08-12 20:05:00
426	-161.8	2022-08-12 20:06:00
427	-163.24	2022-08-12 20:07:00
428	-166.36	2022-08-12 20:08:00
429	-2079.64	2022-08-12 20:09:00
430	-2048.4	2022-08-12 20:10:00
431	-2049.71	2022-08-12 20:11:00
432	-187.28	2022-08-12 20:12:00
433	-159.61	2022-08-12 20:13:00
434	-199.07	2022-08-12 20:14:00
435	-154.46	2022-08-12 20:15:00
436	-179.4	2022-08-12 20:16:00
437	-172.96	2022-08-12 20:17:00
438	-179.84	2022-08-12 20:18:00
439	-183.76	2022-08-12 20:19:00
440	-162.37	2022-08-12 20:20:00
441	-171.56	2022-08-12 20:21:00
442	-171.04	2022-08-12 20:22:00
443	-159.62	2022-08-12 20:23:00
444	-215.94	2022-08-12 20:24:00
445	-187.72	2022-08-12 20:25:00
446	-183.82	2022-08-12 20:26:00
447	-163.76	2022-08-12 20:27:00
448	-159.7	2022-08-12 20:28:00
449	-156.63	2022-08-12 20:29:00
450	-186.31	2022-08-12 20:30:00
451	-155.6	2022-08-12 20:31:00
452	-180.72	2022-08-12 20:32:00
453	-152.85	2022-08-12 20:33:00
454	-209.47	2022-08-12 20:34:00
455	-157.53	2022-08-12 20:35:00
456	-177.47	2022-08-12 20:36:00
457	-161.05	2022-08-12 20:37:00
458	-167.64	2022-08-12 20:38:00
459	-211.09	2022-08-12 20:39:00
460	-239.95	2022-08-12 20:40:00
461	-211.33	2022-08-12 20:41:00
462	-224.67	2022-08-12 20:42:00
463	-213.57	2022-08-12 20:43:00
464	-2064.98	2022-08-12 20:44:00
465	-2071.89	2022-08-12 20:45:00
466	-2062.03	2022-08-12 20:46:00
467	-2073.68	2022-08-12 20:47:00
468	-2078.86	2022-08-12 20:48:00
469	-2083.84	2022-08-12 20:49:00
470	-2069.37	2022-08-12 20:50:00
471	-2069.83	2022-08-12 20:51:00
472	-2075.09	2022-08-12 20:52:00
473	-2086.99	2022-08-12 20:53:00
474	-2098.8	2022-08-12 20:54:00
475	-2090.9	2022-08-12 20:55:00
476	-3705.45	2022-08-12 20:56:00
477	-3660.78	2022-08-12 20:57:00
478	-2071.49	2022-08-12 20:58:00
479	-2110.04	2022-08-12 20:59:00
480	-3704.23	2022-08-12 21:00:00
481	-3713.23	2022-08-12 21:01:00
482	-2276.53	2022-08-12 21:02:00
483	-2102.54	2022-08-12 21:03:00
484	-2077.28	2022-08-12 21:04:00
485	-2071.57	2022-08-12 21:05:00
486	-2071.51	2022-08-12 21:06:00
487	-2077.71	2022-08-12 21:07:00
488	-2071.42	2022-08-12 21:08:00
489	-2044.19	2022-08-12 21:09:00
490	-2007.85	2022-08-12 21:10:00
491	-203.14	2022-08-12 21:11:00
492	-173.48	2022-08-12 21:12:00
493	-172.14	2022-08-12 21:13:00
494	-183.16	2022-08-12 21:14:00
495	-175.63	2022-08-12 21:15:00
496	-186.34	2022-08-12 21:16:00
497	-182.65	2022-08-12 21:17:00
498	-175.67	2022-08-12 21:18:00
499	-184.18	2022-08-12 21:19:00
500	-183.7	2022-08-12 21:20:00
501	-179.6	2022-08-12 21:21:00
502	-177.08	2022-08-12 21:22:00
503	-170.33	2022-08-12 21:23:00
504	-177.47	2022-08-12 21:24:00
505	-141.41	2022-08-12 21:25:00
506	-159.78	2022-08-12 21:26:00
507	-146.5	2022-08-12 21:27:00
508	-163.41	2022-08-12 21:28:00
509	-165.96	2022-08-12 21:29:00
510	-168.23	2022-08-12 21:30:00
511	-146.65	2022-08-12 21:31:00
512	-162.64	2022-08-12 21:32:00
513	-169.93	2022-08-12 21:33:00
514	-178.06	2022-08-12 21:34:00
515	-143.32	2022-08-12 21:35:00
516	-177.2	2022-08-12 21:36:00
517	-160.53	2022-08-12 21:37:00
518	-165.74	2022-08-12 21:38:00
519	-147.93	2022-08-12 21:39:00
520	-182.28	2022-08-12 21:40:00
521	-154.31	2022-08-12 21:41:00
522	-167.92	2022-08-12 21:42:00
523	-142.67	2022-08-12 21:43:00
524	-173.82	2022-08-12 21:44:00
525	-152.19	2022-08-12 21:45:00
526	-167.09	2022-08-12 21:46:00
527	-151.52	2022-08-12 21:47:00
528	-164.87	2022-08-12 21:48:00
529	-148.22	2022-08-12 21:49:00
530	-180.65	2022-08-12 21:50:00
531	-174.44	2022-08-12 21:51:00
532	-168.05	2022-08-12 21:52:00
533	-167.22	2022-08-12 21:53:00
534	-166.4	2022-08-12 21:54:00
535	-160.62	2022-08-12 21:55:00
536	-153.8	2022-08-12 21:56:00
537	-152.32	2022-08-12 21:57:00
538	-192.78	2022-08-12 21:58:00
539	-170.04	2022-08-12 21:59:00
540	-163.79	2022-08-12 22:00:00
541	-145.89	2022-08-12 22:01:00
542	-180.41	2022-08-12 22:02:00
543	-167.18	2022-08-12 22:03:00
544	-168.07	2022-08-12 22:04:00
545	-2040.56	2022-08-12 22:05:00
546	-2050.55	2022-08-12 22:06:00
547	-2051.75	2022-08-12 22:07:00
548	-2049.91	2022-08-12 22:08:00
549	-169.57	2022-08-12 22:09:00
550	-178.21	2022-08-12 22:10:00
551	-154.2	2022-08-12 22:11:00
552	-176.8	2022-08-12 22:12:00
553	-167.79	2022-08-12 22:13:00
554	-177.35	2022-08-12 22:14:00
555	-168.83	2022-08-12 22:15:00
556	-175.03	2022-08-12 22:16:00
557	-153.83	2022-08-12 22:17:00
558	-169.2	2022-08-12 22:18:00
559	-173.31	2022-08-12 22:19:00
560	-174.49	2022-08-12 22:20:00
561	-186.44	2022-08-12 22:21:00
562	-179.91	2022-08-12 22:22:00
563	-183.95	2022-08-12 22:23:00
564	-179.73	2022-08-12 22:24:00
565	-158.42	2022-08-12 22:25:00
566	-174.51	2022-08-12 22:26:00
567	-146.9	2022-08-12 22:27:00
568	-162.89	2022-08-12 22:28:00
569	-173.91	2022-08-12 22:29:00
570	-171.9	2022-08-12 22:30:00
571	-160.95	2022-08-12 22:31:00
572	-171.61	2022-08-12 22:32:00
573	-166.37	2022-08-12 22:33:00
574	-176.99	2022-08-12 22:34:00
575	-163.0	2022-08-12 22:35:00
576	-180.18	2022-08-12 22:36:00
577	-165.62	2022-08-12 22:37:00
578	-185.47	2022-08-12 22:38:00
579	-153.2	2022-08-12 22:39:00
580	-165.35	2022-08-12 22:40:00
581	-170.02	2022-08-12 22:41:00
582	-178.74	2022-08-12 22:42:00
583	-168.74	2022-08-12 22:43:00
584	-206.48	2022-08-12 22:44:00
585	-160.52	2022-08-12 22:45:00
586	-178.67	2022-08-12 22:46:00
587	-157.05	2022-08-12 22:47:00
588	-181.88	2022-08-12 22:48:00
589	-150.59	2022-08-12 22:49:00
590	-193.28	2022-08-12 22:50:00
591	-157.06	2022-08-12 22:51:00
592	-166.43	2022-08-12 22:52:00
593	-150.28	2022-08-12 22:53:00
594	-164.09	2022-08-12 22:54:00
595	-148.44	2022-08-12 22:55:00
596	-181.32	2022-08-12 22:56:00
597	-164.47	2022-08-12 22:57:00
598	-168.95	2022-08-12 22:58:00
599	-144.33	2022-08-12 22:59:00
600	-159.59	2022-08-12 23:00:00
601	-149.44	2022-08-12 23:01:00
602	-161.96	2022-08-12 23:02:00
603	-169.49	2022-08-12 23:03:00
604	-166.69	2022-08-12 23:04:00
605	-161.05	2022-08-12 23:05:00
606	-168.01	2022-08-12 23:06:00
607	-172.18	2022-08-12 23:07:00
608	-169.01	2022-08-12 23:08:00
609	-211.04	2022-08-12 23:09:00
610	-176.83	2022-08-12 23:10:00
611	-145.38	2022-08-12 23:11:00
612	-165.63	2022-08-12 23:12:00
613	-162.8	2022-08-12 23:13:00
614	-168.72	2022-08-12 23:14:00
615	-169.04	2022-08-12 23:15:00
616	-166.69	2022-08-12 23:16:00
617	-162.23	2022-08-12 23:17:00
618	-184.57	2022-08-12 23:18:00
619	-166.04	2022-08-12 23:19:00
620	-166.43	2022-08-12 23:20:00
621	-164.33	2022-08-12 23:21:00
622	-176.29	2022-08-12 23:22:00
623	-159.97	2022-08-12 23:23:00
624	-168.6	2022-08-12 23:24:00
625	-138.24	2022-08-12 23:25:00
626	-169.14	2022-08-12 23:26:00
627	-164.25	2022-08-12 23:27:00
628	-171.15	2022-08-12 23:28:00
629	-158.58	2022-08-12 23:29:00
630	-163.35	2022-08-12 23:30:00
631	-148.32	2022-08-12 23:31:00
632	-164.0	2022-08-12 23:32:00
633	-151.2	2022-08-12 23:33:00
634	-166.68	2022-08-12 23:34:00
635	-159.97	2022-08-12 23:35:00
636	-166.4	2022-08-12 23:36:00
637	-167.92	2022-08-12 23:37:00
638	-168.78	2022-08-12 23:38:00
639	-213.34	2022-08-12 23:39:00
640	-270.5	2022-08-12 23:40:00
641	-261.14	2022-08-12 23:41:00
642	-2213.19	2022-08-12 23:42:00
643	-2215.32	2022-08-12 23:43:00
644	-2207.56	2022-08-12 23:44:00
645	-262.11	2022-08-12 23:45:00
646	-306.11	2022-08-12 23:46:00
647	-2079.67	2022-08-12 23:47:00
648	-1940.31	2022-08-12 23:48:00
649	-1917.56	2022-08-12 23:49:00
650	-281.31	2022-08-12 23:50:00
651	-268.93	2022-08-12 23:51:00
652	-296.37	2022-08-12 23:52:00
653	-309.75	2022-08-12 23:53:00
654	-310.23	2022-08-12 23:54:00
655	-292.63	2022-08-12 23:55:00
656	-306.2	2022-08-12 23:56:00
657	-302.77	2022-08-12 23:57:00
658	-295.74	2022-08-12 23:58:00
659	-300.38	2022-08-12 23:59:00
660	-292.63	2022-08-13 00:00:00
661	-293.74	2022-08-13 00:01:00
662	-294.51	2022-08-13 00:02:00
663	-281.86	2022-08-13 00:03:00
664	-264.05	2022-08-13 00:04:00
665	-264.4	2022-08-13 00:05:00
666	-283.43	2022-08-13 00:06:00
667	-239.38	2022-08-13 00:07:00
668	-262.04	2022-08-13 00:08:00
669	-246.21	2022-08-13 00:09:00
670	-264.19	2022-08-13 00:10:00
671	-247.18	2022-08-13 00:11:00
672	-260.83	2022-08-13 00:12:00
673	-234.05	2022-08-13 00:13:00
674	-265.76	2022-08-13 00:14:00
675	-249.68	2022-08-13 00:15:00
676	-261.5	2022-08-13 00:16:00
677	-251.69	2022-08-13 00:17:00
678	-261.06	2022-08-13 00:18:00
679	-250.7	2022-08-13 00:19:00
680	-265.14	2022-08-13 00:20:00
681	-233.69	2022-08-13 00:21:00
682	-270.62	2022-08-13 00:22:00
683	-330.6	2022-08-13 00:23:00
684	-304.03	2022-08-13 00:24:00
685	-290.0	2022-08-13 00:25:00
686	-2173.9	2022-08-13 00:26:00
687	-2176.9	2022-08-13 00:27:00
688	-2180.47	2022-08-13 00:28:00
689	-2157.15	2022-08-13 00:29:00
690	-296.89	2022-08-13 00:30:00
691	-280.13	2022-08-13 00:31:00
692	-335.25	2022-08-13 00:32:00
693	-313.08	2022-08-13 00:33:00
694	-320.77	2022-08-13 00:34:00
695	-261.38	2022-08-13 00:35:00
696	-292.76	2022-08-13 00:36:00
697	-294.07	2022-08-13 00:37:00
698	-304.92	2022-08-13 00:38:00
699	-302.92	2022-08-13 00:39:00
700	-302.24	2022-08-13 00:40:00
701	-263.58	2022-08-13 00:41:00
702	-286.97	2022-08-13 00:42:00
703	-284.73	2022-08-13 00:43:00
704	-295.83	2022-08-13 00:44:00
705	-274.61	2022-08-13 00:45:00
706	-303.9	2022-08-13 00:46:00
707	-263.87	2022-08-13 00:47:00
708	-297.63	2022-08-13 00:48:00
709	-275.41	2022-08-13 00:49:00
710	-299.14	2022-08-13 00:50:00
711	-259.88	2022-08-13 00:51:00
712	-285.27	2022-08-13 00:52:00
713	-259.12	2022-08-13 00:53:00
714	-310.41	2022-08-13 00:54:00
715	-253.13	2022-08-13 00:55:00
716	-278.28	2022-08-13 00:56:00
717	-263.85	2022-08-13 00:57:00
718	-309.01	2022-08-13 00:58:00
719	-276.82	2022-08-13 00:59:00
720	-293.19	2022-08-13 01:00:00
721	-286.09	2022-08-13 01:01:00
722	-300.58	2022-08-13 01:02:00
723	-275.74	2022-08-13 01:03:00
724	-280.03	2022-08-13 01:04:00
725	-260.19	2022-08-13 01:05:00
726	-285.25	2022-08-13 01:06:00
727	-268.15	2022-08-13 01:07:00
728	-281.27	2022-08-13 01:08:00
729	-294.35	2022-08-13 01:09:00
730	-309.25	2022-08-13 01:10:00
731	-258.61	2022-08-13 01:11:00
732	-292.16	2022-08-13 01:12:00
733	-266.38	2022-08-13 01:13:00
734	-281.45	2022-08-13 01:14:00
735	-260.46	2022-08-13 01:15:00
736	-280.28	2022-08-13 01:16:00
737	-293.06	2022-08-13 01:17:00
738	-296.92	2022-08-13 01:18:00
739	-259.68	2022-08-13 01:19:00
740	-261.0	2022-08-13 01:20:00
741	-258.38	2022-08-13 01:21:00
742	-282.84	2022-08-13 01:22:00
743	-259.04	2022-08-13 01:23:00
744	-287.15	2022-08-13 01:24:00
745	-278.51	2022-08-13 01:25:00
746	-286.94	2022-08-13 01:26:00
747	-266.32	2022-08-13 01:27:00
748	-286.05	2022-08-13 01:28:00
749	-254.81	2022-08-13 01:29:00
750	-292.19	2022-08-13 01:30:00
751	-277.05	2022-08-13 01:31:00
752	-286.18	2022-08-13 01:32:00
753	-260.39	2022-08-13 01:33:00
754	-312.76	2022-08-13 01:34:00
755	-284.78	2022-08-13 01:35:00
756	-294.52	2022-08-13 01:36:00
757	-255.02	2022-08-13 01:37:00
758	-304.97	2022-08-13 01:38:00
759	-255.73	2022-08-13 01:39:00
760	-303.4	2022-08-13 01:40:00
761	-254.57	2022-08-13 01:41:00
762	-292.65	2022-08-13 01:42:00
763	-259.46	2022-08-13 01:43:00
764	-324.51	2022-08-13 01:44:00
765	-255.06	2022-08-13 01:45:00
766	-304.61	2022-08-13 01:46:00
767	-256.09	2022-08-13 01:47:00
768	-288.21	2022-08-13 01:48:00
769	-271.42	2022-08-13 01:49:00
770	-286.93	2022-08-13 01:50:00
771	-266.93	2022-08-13 01:51:00
772	-285.47	2022-08-13 01:52:00
773	-257.59	2022-08-13 01:53:00
774	-284.43	2022-08-13 01:54:00
775	-256.22	2022-08-13 01:55:00
776	-313.96	2022-08-13 01:56:00
777	-256.02	2022-08-13 01:57:00
778	-287.18	2022-08-13 01:58:00
779	-283.99	2022-08-13 01:59:00
780	-284.05	2022-08-13 02:00:00
781	-283.76	2022-08-13 02:01:00
782	-312.67	2022-08-13 02:02:00
783	-287.28	2022-08-13 02:03:00
784	-285.48	2022-08-13 02:04:00
785	-277.46	2022-08-13 02:05:00
786	-287.62	2022-08-13 02:06:00
787	-254.14	2022-08-13 02:07:00
788	-316.3	2022-08-13 02:08:00
789	-260.9	2022-08-13 02:09:00
790	-289.31	2022-08-13 02:10:00
791	-284.15	2022-08-13 02:11:00
792	-298.16	2022-08-13 02:12:00
793	-260.39	2022-08-13 02:13:00
794	-308.63	2022-08-13 02:14:00
795	-255.65	2022-08-13 02:15:00
796	-291.37	2022-08-13 02:16:00
797	-256.19	2022-08-13 02:17:00
798	-280.63	2022-08-13 02:18:00
799	-258.84	2022-08-13 02:19:00
800	-286.71	2022-08-13 02:20:00
801	-266.96	2022-08-13 02:21:00
802	-296.75	2022-08-13 02:22:00
803	-194.56	2022-08-13 02:23:00
804	-218.83	2022-08-13 02:24:00
805	-184.5	2022-08-13 02:25:00
806	-401.57	2022-08-13 02:26:00
807	-411.23	2022-08-13 02:27:00
808	-424.17	2022-08-13 02:28:00
809	-408.05	2022-08-13 02:29:00
810	-425.27	2022-08-13 02:30:00
811	-405.57	2022-08-13 02:31:00
812	-427.59	2022-08-13 02:32:00
813	-399.99	2022-08-13 02:33:00
814	-438.29	2022-08-13 02:34:00
815	-399.18	2022-08-13 02:35:00
816	-422.6	2022-08-13 02:36:00
817	-404.22	2022-08-13 02:37:00
818	-425.99	2022-08-13 02:38:00
819	-402.6	2022-08-13 02:39:00
820	-444.03	2022-08-13 02:40:00
821	-394.63	2022-08-13 02:41:00
822	-432.85	2022-08-13 02:42:00
823	-447.41	2022-08-13 02:43:00
824	-432.44	2022-08-13 02:44:00
825	-410.48	2022-08-13 02:45:00
826	-423.36	2022-08-13 02:46:00
827	-176.15	2022-08-13 02:47:00
828	-205.26	2022-08-13 02:48:00
829	-199.69	2022-08-13 02:49:00
830	-215.29	2022-08-13 02:50:00
831	-178.24	2022-08-13 02:51:00
832	-222.16	2022-08-13 02:52:00
833	-209.31	2022-08-13 02:53:00
834	-206.41	2022-08-13 02:54:00
835	-1330.64	2022-08-13 02:55:00
836	-307.64	2022-08-13 02:56:00
837	-295.47	2022-08-13 02:57:00
838	-314.43	2022-08-13 02:58:00
839	-292.43	2022-08-13 02:59:00
840	-2260.68	2022-08-13 03:00:00
841	-2246.61	2022-08-13 03:01:00
842	-2250.28	2022-08-13 03:02:00
843	-276.89	2022-08-13 03:03:00
844	-315.52	2022-08-13 03:04:00
845	-269.46	2022-08-13 03:05:00
846	-293.17	2022-08-13 03:06:00
847	-268.07	2022-08-13 03:07:00
848	-298.17	2022-08-13 03:08:00
849	-288.78	2022-08-13 03:09:00
850	-307.88	2022-08-13 03:10:00
851	-275.96	2022-08-13 03:11:00
852	-302.21	2022-08-13 03:12:00
853	-300.18	2022-08-13 03:13:00
854	-297.62	2022-08-13 03:14:00
855	-272.72	2022-08-13 03:15:00
856	-294.52	2022-08-13 03:16:00
857	-268.07	2022-08-13 03:17:00
858	-294.35	2022-08-13 03:18:00
859	-283.73	2022-08-13 03:19:00
860	-295.24	2022-08-13 03:20:00
861	-268.82	2022-08-13 03:21:00
862	-294.25	2022-08-13 03:22:00
863	-268.19	2022-08-13 03:23:00
864	-298.39	2022-08-13 03:24:00
865	-293.45	2022-08-13 03:25:00
866	-304.82	2022-08-13 03:26:00
867	-267.41	2022-08-13 03:27:00
868	-307.02	2022-08-13 03:28:00
869	-270.82	2022-08-13 03:29:00
870	-300.62	2022-08-13 03:30:00
871	-265.9	2022-08-13 03:31:00
872	-297.87	2022-08-13 03:32:00
873	-263.37	2022-08-13 03:33:00
874	-290.66	2022-08-13 03:34:00
875	-259.91	2022-08-13 03:35:00
876	-305.2	2022-08-13 03:36:00
877	-261.0	2022-08-13 03:37:00
878	-287.47	2022-08-13 03:38:00
879	-259.71	2022-08-13 03:39:00
880	-291.57	2022-08-13 03:40:00
881	-265.01	2022-08-13 03:41:00
882	-290.42	2022-08-13 03:42:00
883	-267.4	2022-08-13 03:43:00
884	-290.16	2022-08-13 03:44:00
885	-264.72	2022-08-13 03:45:00
886	-300.54	2022-08-13 03:46:00
887	-266.41	2022-08-13 03:47:00
888	-293.41	2022-08-13 03:48:00
889	-279.53	2022-08-13 03:49:00
890	-285.77	2022-08-13 03:50:00
891	-261.71	2022-08-13 03:51:00
892	-286.46	2022-08-13 03:52:00
893	-266.88	2022-08-13 03:53:00
894	-302.26	2022-08-13 03:54:00
895	-253.12	2022-08-13 03:55:00
896	-287.56	2022-08-13 03:56:00
897	-276.71	2022-08-13 03:57:00
898	-290.29	2022-08-13 03:58:00
899	-269.64	2022-08-13 03:59:00
900	-304.61	2022-08-13 04:00:00
901	-258.08	2022-08-13 04:01:00
902	-302.75	2022-08-13 04:02:00
903	-273.38	2022-08-13 04:03:00
904	-302.79	2022-08-13 04:04:00
905	-257.46	2022-08-13 04:05:00
906	-297.41	2022-08-13 04:06:00
907	-312.03	2022-08-13 04:07:00
908	-285.96	2022-08-13 04:08:00
909	-257.68	2022-08-13 04:09:00
910	-306.78	2022-08-13 04:10:00
911	-269.57	2022-08-13 04:11:00
912	-289.81	2022-08-13 04:12:00
913	-297.71	2022-08-13 04:13:00
914	-296.38	2022-08-13 04:14:00
915	-283.48	2022-08-13 04:15:00
916	-290.1	2022-08-13 04:16:00
917	-257.26	2022-08-13 04:17:00
918	-288.79	2022-08-13 04:18:00
919	-305.04	2022-08-13 04:19:00
920	-280.16	2022-08-13 04:20:00
921	-258.46	2022-08-13 04:21:00
922	-285.89	2022-08-13 04:22:00
923	-256.52	2022-08-13 04:23:00
924	-302.68	2022-08-13 04:24:00
925	-253.24	2022-08-13 04:25:00
926	-291.37	2022-08-13 04:26:00
927	-284.62	2022-08-13 04:27:00
928	-297.63	2022-08-13 04:28:00
929	-252.88	2022-08-13 04:29:00
930	-296.66	2022-08-13 04:30:00
931	-258.81	2022-08-13 04:31:00
932	-295.24	2022-08-13 04:32:00
933	-302.99	2022-08-13 04:33:00
934	-299.93	2022-08-13 04:34:00
935	-281.31	2022-08-13 04:35:00
936	-324.9	2022-08-13 04:36:00
937	-284.7	2022-08-13 04:37:00
938	-279.74	2022-08-13 04:38:00
939	-285.85	2022-08-13 04:39:00
940	-283.38	2022-08-13 04:40:00
941	-253.94	2022-08-13 04:41:00
942	-282.64	2022-08-13 04:42:00
943	-253.72	2022-08-13 04:43:00
944	-291.4	2022-08-13 04:44:00
945	-252.01	2022-08-13 04:45:00
946	-290.32	2022-08-13 04:46:00
947	-250.84	2022-08-13 04:47:00
948	-279.05	2022-08-13 04:48:00
949	-254.58	2022-08-13 04:49:00
950	-284.1	2022-08-13 04:50:00
951	-256.1	2022-08-13 04:51:00
952	-294.44	2022-08-13 04:52:00
953	-252.13	2022-08-13 04:53:00
954	-280.17	2022-08-13 04:54:00
955	-260.92	2022-08-13 04:55:00
956	-296.96	2022-08-13 04:56:00
957	-252.96	2022-08-13 04:57:00
958	-283.73	2022-08-13 04:58:00
959	-250.71	2022-08-13 04:59:00
960	-284.81	2022-08-13 05:00:00
961	-259.28	2022-08-13 05:01:00
962	-284.23	2022-08-13 05:02:00
963	-279.13	2022-08-13 05:03:00
964	-284.43	2022-08-13 05:04:00
965	-262.56	2022-08-13 05:05:00
966	-292.41	2022-08-13 05:06:00
967	-249.84	2022-08-13 05:07:00
968	-282.98	2022-08-13 05:08:00
969	-251.32	2022-08-13 05:09:00
970	-276.51	2022-08-13 05:10:00
971	-252.23	2022-08-13 05:11:00
972	-280.75	2022-08-13 05:12:00
973	-276.98	2022-08-13 05:13:00
974	-295.34	2022-08-13 05:14:00
975	-251.9	2022-08-13 05:15:00
976	-276.86	2022-08-13 05:16:00
977	-250.44	2022-08-13 05:17:00
978	-273.7	2022-08-13 05:18:00
979	-266.0	2022-08-13 05:19:00
980	-275.93	2022-08-13 05:20:00
981	-250.52	2022-08-13 05:21:00
982	-279.08	2022-08-13 05:22:00
983	-249.72	2022-08-13 05:23:00
984	-279.72	2022-08-13 05:24:00
985	-252.44	2022-08-13 05:25:00
986	-278.96	2022-08-13 05:26:00
987	-250.22	2022-08-13 05:27:00
988	-277.62	2022-08-13 05:28:00
989	-303.43	2022-08-13 05:29:00
990	-286.36	2022-08-13 05:30:00
991	-260.35	2022-08-13 05:31:00
992	-282.16	2022-08-13 05:32:00
993	-274.84	2022-08-13 05:33:00
994	-323.46	2022-08-13 05:34:00
995	-253.68	2022-08-13 05:35:00
996	-287.36	2022-08-13 05:36:00
997	-276.92	2022-08-13 05:37:00
998	-287.62	2022-08-13 05:38:00
999	-262.64	2022-08-13 05:39:00
1000	-276.89	2022-08-13 05:40:00
1001	-273.7	2022-08-13 05:41:00
1002	-277.81	2022-08-13 05:42:00
1003	-254.69	2022-08-13 05:43:00
1004	-288.29	2022-08-13 05:44:00
1005	-270.48	2022-08-13 05:45:00
1006	-282.76	2022-08-13 05:46:00
1007	-251.92	2022-08-13 05:47:00
1008	-278.15	2022-08-13 05:48:00
1009	-252.2	2022-08-13 05:49:00
1010	-2155.14	2022-08-13 05:50:00
1011	-2157.98	2022-08-13 05:51:00
1012	-2147.62	2022-08-13 05:52:00
1013	-313.11	2022-08-13 05:53:00
1014	-288.25	2022-08-13 05:54:00
1015	-248.64	2022-08-13 05:55:00
1016	-281.01	2022-08-13 05:56:00
1017	-250.25	2022-08-13 05:57:00
1018	-277.19	2022-08-13 05:58:00
1019	-275.92	2022-08-13 05:59:00
1020	-290.06	2022-08-13 06:00:00
1021	-256.79	2022-08-13 06:01:00
1022	-287.88	2022-08-13 06:02:00
1023	-251.37	2022-08-13 06:03:00
1024	-288.23	2022-08-13 06:04:00
1025	-254.07	2022-08-13 06:05:00
1026	-312.37	2022-08-13 06:06:00
1027	-277.69	2022-08-13 06:07:00
1028	-311.72	2022-08-13 06:08:00
1029	-251.78	2022-08-13 06:09:00
1030	-288.61	2022-08-13 06:10:00
1031	-250.71	2022-08-13 06:11:00
1032	-284.18	2022-08-13 06:12:00
1033	-251.05	2022-08-13 06:13:00
1034	-281.99	2022-08-13 06:14:00
1035	-255.94	2022-08-13 06:15:00
1036	-292.46	2022-08-13 06:16:00
1037	-268.82	2022-08-13 06:17:00
1038	-315.28	2022-08-13 06:18:00
1039	-262.57	2022-08-13 06:19:00
1040	-277.15	2022-08-13 06:20:00
1041	-255.65	2022-08-13 06:21:00
1042	-277.56	2022-08-13 06:22:00
1043	-248.07	2022-08-13 06:23:00
1044	-274.89	2022-08-13 06:24:00
1045	-261.7	2022-08-13 06:25:00
1046	-295.95	2022-08-13 06:26:00
1047	-256.43	2022-08-13 06:27:00
1048	-280.66	2022-08-13 06:28:00
1049	-284.22	2022-08-13 06:29:00
1050	-283.05	2022-08-13 06:30:00
1051	-259.09	2022-08-13 06:31:00
1052	-301.65	2022-08-13 06:32:00
1053	-254.39	2022-08-13 06:33:00
1054	-277.53	2022-08-13 06:34:00
1055	-252.36	2022-08-13 06:35:00
1056	-276.88	2022-08-13 06:36:00
1057	-257.04	2022-08-13 06:37:00
1058	-300.24	2022-08-13 06:38:00
1059	-252.08	2022-08-13 06:39:00
1060	-296.99	2022-08-13 06:40:00
1061	-248.98	2022-08-13 06:41:00
1062	-280.91	2022-08-13 06:42:00
1063	-277.19	2022-08-13 06:43:00
1064	-284.79	2022-08-13 06:44:00
1065	-273.16	2022-08-13 06:45:00
1066	-278.71	2022-08-13 06:46:00
1067	-252.33	2022-08-13 06:47:00
1068	-279.86	2022-08-13 06:48:00
1069	-271.95	2022-08-13 06:49:00
1070	-278.21	2022-08-13 06:50:00
1071	-249.49	2022-08-13 06:51:00
1072	-278.57	2022-08-13 06:52:00
1073	-283.11	2022-08-13 06:53:00
1074	-304.76	2022-08-13 06:54:00
1075	-251.46	2022-08-13 06:55:00
1076	-287.01	2022-08-13 06:56:00
1077	-255.27	2022-08-13 06:57:00
1078	-288.41	2022-08-13 06:58:00
1079	-289.43	2022-08-13 06:59:00
1080	-288.09	2022-08-13 07:00:00
1081	-291.58	2022-08-13 07:01:00
1082	-283.48	2022-08-13 07:02:00
1083	-293.35	2022-08-13 07:03:00
1084	-288.94	2022-08-13 07:04:00
1085	-286.77	2022-08-13 07:05:00
1086	-288.8	2022-08-13 07:06:00
1087	-285.99	2022-08-13 07:07:00
1088	-291.72	2022-08-13 07:08:00
1089	-288.93	2022-08-13 07:09:00
1090	-291.1	2022-08-13 07:10:00
1091	-259.72	2022-08-13 07:11:00
1092	-210.59	2022-08-13 07:12:00
1093	-196.58	2022-08-13 07:13:00
1094	-236.32	2022-08-13 07:14:00
1095	-174.64	2022-08-13 07:15:00
1096	-209.17	2022-08-13 07:16:00
1097	-183.19	2022-08-13 07:17:00
1098	-209.1	2022-08-13 07:18:00
1099	-186.48	2022-08-13 07:19:00
1100	-208.25	2022-08-13 07:20:00
1101	-173.62	2022-08-13 07:21:00
1102	-211.15	2022-08-13 07:22:00
1103	-177.56	2022-08-13 07:23:00
1104	-243.13	2022-08-13 07:24:00
1105	-196.54	2022-08-13 07:25:00
1106	-216.57	2022-08-13 07:26:00
1107	-207.54	2022-08-13 07:27:00
1108	-213.74	2022-08-13 07:28:00
1109	-1155.19	2022-08-13 07:29:00
1110	-300.25	2022-08-13 07:30:00
1111	-295.75	2022-08-13 07:31:00
1112	-297.56	2022-08-13 07:32:00
1113	-302.17	2022-08-13 07:33:00
1114	-299.55	2022-08-13 07:34:00
1115	-302.82	2022-08-13 07:35:00
1116	-292.08	2022-08-13 07:36:00
1117	-293.16	2022-08-13 07:37:00
1118	-283.86	2022-08-13 07:38:00
1119	-283.21	2022-08-13 07:39:00
1120	-309.05	2022-08-13 07:40:00
1121	-278.24	2022-08-13 07:41:00
1122	-282.51	2022-08-13 07:42:00
1123	-253.14	2022-08-13 07:43:00
1124	-306.27	2022-08-13 07:44:00
1125	-259.99	2022-08-13 07:45:00
1126	-287.72	2022-08-13 07:46:00
1127	-255.42	2022-08-13 07:47:00
1128	-292.15	2022-08-13 07:48:00
1129	-279.01	2022-08-13 07:49:00
1130	-284.3	2022-08-13 07:50:00
1131	-262.86	2022-08-13 07:51:00
1132	-292.67	2022-08-13 07:52:00
1133	-285.28	2022-08-13 07:53:00
1134	-303.06	2022-08-13 07:54:00
1135	-284.04	2022-08-13 07:55:00
1136	-280.03	2022-08-13 07:56:00
1137	-281.66	2022-08-13 07:57:00
1138	-290.78	2022-08-13 07:58:00
1139	-283.03	2022-08-13 07:59:00
1140	-286.74	2022-08-13 08:00:00
1141	-250.84	2022-08-13 08:01:00
1142	-275.62	2022-08-13 08:02:00
1143	-251.62	2022-08-13 08:03:00
1144	-294.21	2022-08-13 08:04:00
1145	-249.13	2022-08-13 08:05:00
1146	-278.38	2022-08-13 08:06:00
1147	-254.03	2022-08-13 08:07:00
1148	-281.4	2022-08-13 08:08:00
1149	-252.51	2022-08-13 08:09:00
1150	-280.61	2022-08-13 08:10:00
1151	-271.23	2022-08-13 08:11:00
1152	-277.84	2022-08-13 08:12:00
1153	-271.18	2022-08-13 08:13:00
1154	-279.18	2022-08-13 08:14:00
1155	-248.21	2022-08-13 08:15:00
1156	-280.46	2022-08-13 08:16:00
1157	-250.28	2022-08-13 08:17:00
1158	-282.76	2022-08-13 08:18:00
1159	-246.58	2022-08-13 08:19:00
1160	-278.47	2022-08-13 08:20:00
1161	-250.34	2022-08-13 08:21:00
1162	-273.09	2022-08-13 08:22:00
1163	-253.61	2022-08-13 08:23:00
1164	-308.75	2022-08-13 08:24:00
1165	-276.55	2022-08-13 08:25:00
1166	-282.31	2022-08-13 08:26:00
1167	-247.53	2022-08-13 08:27:00
1168	-292.4	2022-08-13 08:28:00
1169	-2146.28	2022-08-13 08:29:00
1170	-2139.74	2022-08-13 08:30:00
1171	-2131.86	2022-08-13 08:31:00
1172	-280.82	2022-08-13 08:32:00
1173	-228.73	2022-08-13 08:33:00
1174	-237.79	2022-08-13 08:34:00
1175	-219.43	2022-08-13 08:35:00
1176	-244.1	2022-08-13 08:36:00
1177	-235.83	2022-08-13 08:37:00
1178	-275.55	2022-08-13 08:38:00
1179	-218.41	2022-08-13 08:39:00
1180	-239.4	2022-08-13 08:40:00
1181	-215.5	2022-08-13 08:41:00
1182	-241.29	2022-08-13 08:42:00
1183	-261.97	2022-08-13 08:43:00
1184	-237.69	2022-08-13 08:44:00
1185	-218.6	2022-08-13 08:45:00
1186	-243.82	2022-08-13 08:46:00
1187	-220.94	2022-08-13 08:47:00
1188	-245.63	2022-08-13 08:48:00
1189	-221.84	2022-08-13 08:49:00
1190	-280.53	2022-08-13 08:50:00
1191	-230.66	2022-08-13 08:51:00
1192	-279.1	2022-08-13 08:52:00
1193	-286.45	2022-08-13 08:53:00
1194	-300.98	2022-08-13 08:54:00
1195	-271.72	2022-08-13 08:55:00
1196	-298.89	2022-08-13 08:56:00
1197	-277.55	2022-08-13 08:57:00
1198	-304.38	2022-08-13 08:58:00
1199	-287.88	2022-08-13 08:59:00
1200	-296.08	2022-08-13 09:00:00
1201	-273.62	2022-08-13 09:01:00
1202	-295.5	2022-08-13 09:02:00
1203	-277.56	2022-08-13 09:03:00
1204	-304.17	2022-08-13 09:04:00
1205	-317.14	2022-08-13 09:05:00
1206	-314.47	2022-08-13 09:06:00
1207	-306.72	2022-08-13 09:07:00
1208	-308.49	2022-08-13 09:08:00
1209	-277.9	2022-08-13 09:09:00
1210	-307.65	2022-08-13 09:10:00
1211	-289.91	2022-08-13 09:11:00
1212	-330.14	2022-08-13 09:12:00
1213	-272.11	2022-08-13 09:13:00
1214	-301.34	2022-08-13 09:14:00
1215	-295.23	2022-08-13 09:15:00
1216	-307.19	2022-08-13 09:16:00
1217	-293.78	2022-08-13 09:17:00
1218	-308.72	2022-08-13 09:18:00
1219	-271.09	2022-08-13 09:19:00
1220	-300.24	2022-08-13 09:20:00
1221	-272.35	2022-08-13 09:21:00
1222	-322.79	2022-08-13 09:22:00
1223	-270.82	2022-08-13 09:23:00
1224	-301.52	2022-08-13 09:24:00
1225	-269.24	2022-08-13 09:25:00
1226	-301.23	2022-08-13 09:26:00
1227	-273.7	2022-08-13 09:27:00
1228	-310.23	2022-08-13 09:28:00
1229	-293.82	2022-08-13 09:29:00
1230	-305.71	2022-08-13 09:30:00
1231	-205.57	2022-08-13 09:31:00
1232	-229.55	2022-08-13 09:32:00
1233	-400.64	2022-08-13 09:33:00
1234	-432.63	2022-08-13 09:34:00
1235	-402.05	2022-08-13 09:35:00
1236	-434.04	2022-08-13 09:36:00
1237	-396.69	2022-08-13 09:37:00
1238	-428.48	2022-08-13 09:38:00
1239	-424.53	2022-08-13 09:39:00
1240	-450.85	2022-08-13 09:40:00
1241	-395.04	2022-08-13 09:41:00
1242	-453.0	2022-08-13 09:42:00
1243	-416.82	2022-08-13 09:43:00
1244	-461.71	2022-08-13 09:44:00
1245	-393.68	2022-08-13 09:45:00
1246	-420.56	2022-08-13 09:46:00
1247	-389.39	2022-08-13 09:47:00
1248	-462.22	2022-08-13 09:48:00
1249	-400.02	2022-08-13 09:49:00
1250	-435.59	2022-08-13 09:50:00
1251	-416.76	2022-08-13 09:51:00
1252	-446.5	2022-08-13 09:52:00
1253	-431.08	2022-08-13 09:53:00
1254	-1082.69	2022-08-13 09:54:00
1255	-1060.07	2022-08-13 09:55:00
1256	-859.19	2022-08-13 09:56:00
1257	-846.37	2022-08-13 09:57:00
1258	-842.49	2022-08-13 09:58:00
1259	-849.86	2022-08-13 09:59:00
1260	-838.11	2022-08-13 10:00:00
1261	-193.96	2022-08-13 10:01:00
1262	-189.29	2022-08-13 10:02:00
1263	-1211.09	2022-08-13 10:03:00
1264	-266.83	2022-08-13 10:04:00
1265	-235.6	2022-08-13 10:05:00
1266	-205.35	2022-08-13 10:06:00
1267	-210.28	2022-08-13 10:07:00
1268	-201.27	2022-08-13 10:08:00
1269	-212.24	2022-08-13 10:09:00
1270	-210.69	2022-08-13 10:10:00
1271	-192.51	2022-08-13 10:11:00
1272	-204.77	2022-08-13 10:12:00
1273	-207.78	2022-08-13 10:13:00
1274	-233.23	2022-08-13 10:14:00
1275	-217.74	2022-08-13 10:15:00
1276	-199.24	2022-08-13 10:16:00
1277	-214.38	2022-08-13 10:17:00
1278	-195.97	2022-08-13 10:18:00
1279	-195.65	2022-08-13 10:19:00
1280	-232.36	2022-08-13 10:20:00
1281	-221.82	2022-08-13 10:21:00
1282	-220.55	2022-08-13 10:22:00
1283	-2024.89	2022-08-13 10:23:00
1284	-2063.81	2022-08-13 10:24:00
1285	-2051.17	2022-08-13 10:25:00
1286	-2029.97	2022-08-13 10:26:00
1287	-1996.12	2022-08-13 10:27:00
1288	-177.32	2022-08-13 10:28:00
1289	-178.96	2022-08-13 10:29:00
1290	-193.52	2022-08-13 10:30:00
1291	-160.16	2022-08-13 10:31:00
1292	-185.47	2022-08-13 10:32:00
1293	-159.83	2022-08-13 10:33:00
1294	-177.74	2022-08-13 10:34:00
1295	-146.83	2022-08-13 10:35:00
1296	-173.72	2022-08-13 10:36:00
1297	-149.04	2022-08-13 10:37:00
1298	-172.25	2022-08-13 10:38:00
1299	-168.52	2022-08-13 10:39:00
1300	-171.14	2022-08-13 10:40:00
1301	-177.13	2022-08-13 10:41:00
1302	-178.79	2022-08-13 10:42:00
1303	-170.9	2022-08-13 10:43:00
1304	-170.83	2022-08-13 10:44:00
1305	-159.98	2022-08-13 10:45:00
1306	-167.45	2022-08-13 10:46:00
1307	-154.27	2022-08-13 10:47:00
1308	-153.83	2022-08-13 10:48:00
1309	-154.49	2022-08-13 10:49:00
1310	-172.69	2022-08-13 10:50:00
1311	-172.74	2022-08-13 10:51:00
1312	-209.51	2022-08-13 10:52:00
1313	-157.84	2022-08-13 10:53:00
1314	-169.08	2022-08-13 10:54:00
1315	-173.76	2022-08-13 10:55:00
1316	-167.82	2022-08-13 10:56:00
1317	-158.51	2022-08-13 10:57:00
1318	-172.11	2022-08-13 10:58:00
1319	-159.09	2022-08-13 10:59:00
1320	-177.26	2022-08-13 11:00:00
1321	-160.44	2022-08-13 11:01:00
1322	-193.65	2022-08-13 11:02:00
1323	-167.31	2022-08-13 11:03:00
1324	-185.08	2022-08-13 11:04:00
1325	-166.98	2022-08-13 11:05:00
1326	-171.66	2022-08-13 11:06:00
1327	-156.51	2022-08-13 11:07:00
1328	-159.39	2022-08-13 11:08:00
1329	-2220.67	2022-08-13 11:09:00
1330	-2158.66	2022-08-13 11:10:00
1331	-2144.26	2022-08-13 11:11:00
1332	-2142.11	2022-08-13 11:12:00
1333	-2139.45	2022-08-13 11:13:00
1334	-2127.47	2022-08-13 11:14:00
1335	-199.11	2022-08-13 11:15:00
1336	-190.49	2022-08-13 11:16:00
1337	-172.46	2022-08-13 11:17:00
1338	-196.58	2022-08-13 11:18:00
1339	-182.55	2022-08-13 11:19:00
1340	-2028.14	2022-08-13 11:20:00
1341	-3994.14	2022-08-13 11:21:00
1342	-3930.53	2022-08-13 11:22:00
1343	-3870.25	2022-08-13 11:23:00
1344	-2000.78	2022-08-13 11:24:00
1345	-2015.34	2022-08-13 11:25:00
1346	-2011.27	2022-08-13 11:26:00
1347	-2023.31	2022-08-13 11:27:00
1348	-211.3	2022-08-13 11:28:00
1349	-189.83	2022-08-13 11:29:00
1350	-1969.79	2022-08-13 11:30:00
1351	-2188.58	2022-08-13 11:31:00
1352	-2141.06	2022-08-13 11:32:00
1353	-178.05	2022-08-13 11:33:00
1354	-195.69	2022-08-13 11:34:00
1355	-198.96	2022-08-13 11:35:00
1356	-197.99	2022-08-13 11:36:00
1357	-2371.47	2022-08-13 11:37:00
1358	-2146.04	2022-08-13 11:38:00
1359	-2147.74	2022-08-13 11:39:00
1360	-4101.12	2022-08-13 11:40:00
1361	-4043.63	2022-08-13 11:41:00
1362	-4038.02	2022-08-13 11:42:00
1363	-2156.36	2022-08-13 11:43:00
1364	-2149.22	2022-08-13 11:44:00
1365	-2147.08	2022-08-13 11:45:00
1366	-1971.29	2022-08-13 11:46:00
1367	-2814.16	2022-08-13 11:47:00
1368	-2779.71	2022-08-13 11:48:00
1369	-2689.64	2022-08-13 11:49:00
1370	-4871.14	2022-08-13 11:50:00
1371	-6006.12	2022-08-13 11:51:00
1372	-3194.94	2022-08-13 11:52:00
1373	-3313.63	2022-08-13 11:53:00
1374	-3244.33	2022-08-13 11:54:00
1375	-3274.33	2022-08-13 11:55:00
1376	-3373.26	2022-08-13 11:56:00
1377	-3370.37	2022-08-13 11:57:00
1378	-3268.51	2022-08-13 11:58:00
1379	-3228.75	2022-08-13 11:59:00
1380	-5157.08	2022-08-13 12:00:00
1381	-5100.45	2022-08-13 12:01:00
1382	-2099.57	2022-08-13 12:02:00
1383	-2037.4	2022-08-13 12:03:00
1384	-2125.05	2022-08-13 12:04:00
1385	-2128.06	2022-08-13 12:05:00
1386	-2052.37	2022-08-13 12:06:00
1387	-3950.9	2022-08-13 12:07:00
1388	-3965.08	2022-08-13 12:08:00
1389	-2066.01	2022-08-13 12:09:00
1390	-2091.83	2022-08-13 12:10:00
1391	-2188.37	2022-08-13 12:11:00
1392	-1987.37	2022-08-13 12:12:00
1393	-1978.4	2022-08-13 12:13:00
1394	-2011.17	2022-08-13 12:14:00
1395	-3126.31	2022-08-13 12:15:00
1396	-3261.13	2022-08-13 12:16:00
1397	-3299.83	2022-08-13 12:17:00
1398	-5194.03	2022-08-13 12:18:00
1399	-5196.73	2022-08-13 12:19:00
1400	-1388.68	2022-08-13 12:20:00
1401	-1376.59	2022-08-13 12:21:00
1402	-1373.51	2022-08-13 12:22:00
1403	-2131.47	2022-08-13 12:23:00
1404	-1897.09	2022-08-13 12:24:00
1405	-1889.11	2022-08-13 12:25:00
1406	-1912.16	2022-08-13 12:26:00
1407	-2053.79	2022-08-13 12:27:00
1408	-2030.74	2022-08-13 12:28:00
1409	-2093.84	2022-08-13 12:29:00
1410	-1841.05	2022-08-13 12:30:00
1411	-1848.31	2022-08-13 12:31:00
1412	-1914.69	2022-08-13 12:32:00
1413	-3776.08	2022-08-13 12:33:00
1414	-3721.79	2022-08-13 12:34:00
1415	-3661.87	2022-08-13 12:35:00
1416	-1849.26	2022-08-13 12:36:00
1417	-1850.77	2022-08-13 12:37:00
1418	-1859.32	2022-08-13 12:38:00
1419	-1858.64	2022-08-13 12:39:00
1420	-1849.83	2022-08-13 12:40:00
1421	-3645.43	2022-08-13 12:41:00
1422	-3695.19	2022-08-13 12:42:00
1423	-3664.87	2022-08-13 12:43:00
1424	-3599.82	2022-08-13 12:44:00
1425	-1734.85	2022-08-13 12:45:00
1426	-3467.44	2022-08-13 12:46:00
1427	-3398.54	2022-08-13 12:47:00
1428	-1418.03	2022-08-13 12:48:00
1429	-1404.25	2022-08-13 12:49:00
1430	-1395.18	2022-08-13 12:50:00
1431	-1378.61	2022-08-13 12:51:00
1432	-1361.29	2022-08-13 12:52:00
1433	-182.36	2022-08-13 12:53:00
1434	-179.2	2022-08-13 12:54:00
1435	-210.9	2022-08-13 12:55:00
1436	-1952.25	2022-08-13 12:56:00
1437	-1914.27	2022-08-13 12:57:00
1438	-3808.73	2022-08-13 12:58:00
1439	-3797.03	2022-08-13 12:59:00
1440	-3647.54	2022-08-13 13:00:00
1441	-1811.82	2022-08-13 13:01:00
1442	-2037.51	2022-08-13 13:02:00
1443	-1886.75	2022-08-13 13:03:00
1444	-1900.81	2022-08-13 13:04:00
1445	-1940.57	2022-08-13 13:05:00
1446	-2008.4	2022-08-13 13:06:00
1447	-1978.87	2022-08-13 13:07:00
1448	-1892.07	2022-08-13 13:08:00
1449	-1867.24	2022-08-13 13:09:00
1450	-1883.09	2022-08-13 13:10:00
1451	-1910.48	2022-08-13 13:11:00
1452	-3819.72	2022-08-13 13:12:00
1453	-3807.15	2022-08-13 13:13:00
1454	-1821.97	2022-08-13 13:14:00
1455	-173.78	2022-08-13 13:15:00
1456	-187.88	2022-08-13 13:16:00
1457	-192.47	2022-08-13 13:17:00
1458	-164.26	2022-08-13 13:18:00
1459	-168.42	2022-08-13 13:19:00
1460	-161.01	2022-08-13 13:20:00
1461	-176.2	2022-08-13 13:21:00
1462	-202.55	2022-08-13 13:22:00
1463	-2224.11	2022-08-13 13:23:00
1464	-2149.01	2022-08-13 13:24:00
1465	-192.4	2022-08-13 13:25:00
1466	-182.44	2022-08-13 13:26:00
1467	-201.59	2022-08-13 13:27:00
1468	-218.94	2022-08-13 13:28:00
1469	-238.56	2022-08-13 13:29:00
1470	-202.72	2022-08-13 13:30:00
1471	-189.59	2022-08-13 13:31:00
1472	-191.83	2022-08-13 13:32:00
1473	-2204.77	2022-08-13 13:33:00
1474	-2176.85	2022-08-13 13:34:00
1475	-186.71	2022-08-13 13:35:00
1476	-217.71	2022-08-13 13:36:00
1477	-212.99	2022-08-13 13:37:00
1478	-212.63	2022-08-13 13:38:00
1479	-216.92	2022-08-13 13:39:00
1480	-191.48	2022-08-13 13:40:00
1481	-203.75	2022-08-13 13:41:00
1482	-200.48	2022-08-13 13:42:00
1483	-208.01	2022-08-13 13:43:00
1484	-229.55	2022-08-13 13:44:00
1485	-2293.63	2022-08-13 13:45:00
1486	-4107.97	2022-08-13 13:46:00
1487	-2122.14	2022-08-13 13:47:00
1488	-2121.13	2022-08-13 13:48:00
1489	-2116.65	2022-08-13 13:49:00
1490	-2103.12	2022-08-13 13:50:00
1491	-204.7	2022-08-13 13:51:00
1492	-232.59	2022-08-13 13:52:00
1493	-273.97	2022-08-13 13:53:00
1494	-255.06	2022-08-13 13:54:00
1495	-268.58	2022-08-13 13:55:00
1496	-310.81	2022-08-13 13:56:00
1497	-325.49	2022-08-13 13:57:00
1498	-2401.03	2022-08-13 13:58:00
1499	-2336.51	2022-08-13 13:59:00
1500	-322.92	2022-08-13 14:00:00
1501	-303.71	2022-08-13 14:01:00
1502	-317.31	2022-08-13 14:02:00
1503	-310.06	2022-08-13 14:03:00
1504	-324.65	2022-08-13 14:04:00
1505	-324.33	2022-08-13 14:05:00
1506	-2442.53	2022-08-13 14:06:00
1507	-2350.5	2022-08-13 14:07:00
1508	-3982.89	2022-08-13 14:08:00
1509	-3927.97	2022-08-13 14:09:00
1510	-3951.35	2022-08-13 14:10:00
1511	-3916.54	2022-08-13 14:11:00
1512	-3889.71	2022-08-13 14:12:00
1513	-1888.65	2022-08-13 14:13:00
1514	-1852.38	2022-08-13 14:14:00
1515	-1833.84	2022-08-13 14:15:00
1516	-1824.83	2022-08-13 14:16:00
1517	-1808.17	2022-08-13 14:17:00
1518	-1748.23	2022-08-13 14:18:00
1519	-1811.23	2022-08-13 14:19:00
1520	-1775.58	2022-08-13 14:20:00
1521	-267.18	2022-08-13 14:21:00
1522	-282.04	2022-08-13 14:22:00
1523	-306.06	2022-08-13 14:23:00
1524	-290.73	2022-08-13 14:24:00
1525	-272.18	2022-08-13 14:25:00
1526	-263.57	2022-08-13 14:26:00
1527	-268.31	2022-08-13 14:27:00
1528	-298.21	2022-08-13 14:28:00
1529	-293.92	2022-08-13 14:29:00
1530	-238.04	2022-08-13 14:30:00
1531	-223.52	2022-08-13 14:31:00
1532	-225.47	2022-08-13 14:32:00
1533	-217.92	2022-08-13 14:33:00
1534	-229.93	2022-08-13 14:34:00
1535	-220.47	2022-08-13 14:35:00
1536	-217.39	2022-08-13 14:36:00
1537	-249.56	2022-08-13 14:37:00
1538	-218.85	2022-08-13 14:38:00
1539	-217.0	2022-08-13 14:39:00
1540	-239.26	2022-08-13 14:40:00
1541	-208.42	2022-08-13 14:41:00
1542	-209.84	2022-08-13 14:42:00
1543	-211.47	2022-08-13 14:43:00
1544	-202.17	2022-08-13 14:44:00
1545	-199.81	2022-08-13 14:45:00
1546	-199.73	2022-08-13 14:46:00
1547	-201.04	2022-08-13 14:47:00
1548	-214.04	2022-08-13 14:48:00
1549	-216.11	2022-08-13 14:49:00
1550	-228.35	2022-08-13 14:50:00
1551	-226.33	2022-08-13 14:51:00
1552	-253.69	2022-08-13 14:52:00
1553	-282.11	2022-08-13 14:53:00
1554	-343.38	2022-08-13 14:54:00
1555	-325.25	2022-08-13 14:55:00
1556	-2236.27	2022-08-13 14:56:00
1557	-2229.31	2022-08-13 14:57:00
1558	-2217.58	2022-08-13 14:58:00
1559	-2235.32	2022-08-13 14:59:00
1560	-2226.81	2022-08-13 15:00:00
1561	-367.86	2022-08-13 15:01:00
1562	-362.66	2022-08-13 15:02:00
1563	-361.5	2022-08-13 15:03:00
1564	-358.96	2022-08-13 15:04:00
1565	-363.43	2022-08-13 15:05:00
1566	-355.88	2022-08-13 15:06:00
1567	-368.0	2022-08-13 15:07:00
1568	-383.68	2022-08-13 15:08:00
1569	-2265.79	2022-08-13 15:09:00
1570	-2264.76	2022-08-13 15:10:00
1571	-2267.57	2022-08-13 15:11:00
1572	-2260.68	2022-08-13 15:12:00
1573	-2443.64	2022-08-13 15:13:00
1574	-2441.53	2022-08-13 15:14:00
1575	-340.11	2022-08-13 15:15:00
1576	-308.1	2022-08-13 15:16:00
1577	-337.49	2022-08-13 15:17:00
1578	-302.88	2022-08-13 15:18:00
1579	-310.79	2022-08-13 15:19:00
1580	-310.42	2022-08-13 15:20:00
1581	-309.29	2022-08-13 15:21:00
1582	-540.8	2022-08-13 15:22:00
1583	-305.23	2022-08-13 15:23:00
1584	-330.23	2022-08-13 15:24:00
1585	-332.36	2022-08-13 15:25:00
1586	-353.56	2022-08-13 15:26:00
1587	-342.51	2022-08-13 15:27:00
1588	-343.21	2022-08-13 15:28:00
1589	-356.33	2022-08-13 15:29:00
1590	-305.8	2022-08-13 15:30:00
1591	-310.2	2022-08-13 15:31:00
1592	-310.66	2022-08-13 15:32:00
1593	-315.95	2022-08-13 15:33:00
1594	-346.62	2022-08-13 15:34:00
1595	-311.35	2022-08-13 15:35:00
1596	-309.57	2022-08-13 15:36:00
1597	-310.88	2022-08-13 15:37:00
1598	-301.22	2022-08-13 15:38:00
1599	-294.69	2022-08-13 15:39:00
1600	-318.56	2022-08-13 15:40:00
1601	-301.94	2022-08-13 15:41:00
1602	-304.44	2022-08-13 15:42:00
1603	-286.43	2022-08-13 15:43:00
1604	-298.65	2022-08-13 15:44:00
1605	-287.73	2022-08-13 15:45:00
1606	-282.98	2022-08-13 15:46:00
1607	-334.3	2022-08-13 15:47:00
1608	-330.21	2022-08-13 15:48:00
1609	-340.67	2022-08-13 15:49:00
1610	-337.66	2022-08-13 15:50:00
1611	-335.93	2022-08-13 15:51:00
1612	-334.75	2022-08-13 15:52:00
1613	-345.31	2022-08-13 15:53:00
1614	-334.97	2022-08-13 15:54:00
1615	-337.14	2022-08-13 15:55:00
1616	-358.52	2022-08-13 15:56:00
1617	0	2022-08-13 15:57:00
1618	0	2022-08-13 15:58:00
1619	0	2022-08-13 15:59:00
1620	0	2022-08-13 16:00:00
1621	0	2022-08-13 16:01:00
1622	0	2022-08-13 16:02:00
1623	0	2022-08-13 16:03:00
1624	0	2022-08-13 16:04:00
1625	0	2022-08-13 16:05:00
1626	0	2022-08-13 16:06:00
1627	0	2022-08-13 16:07:00
1628	0	2022-08-13 16:08:00
1629	0	2022-08-13 16:09:00
1630	0	2022-08-13 16:10:00
1631	0	2022-08-13 16:11:00
1632	0	2022-08-13 16:12:00
1633	0	2022-08-13 16:13:00
1634	0	2022-08-13 16:14:00
1635	0	2022-08-13 16:15:00
1636	0	2022-08-13 16:16:00
1637	0	2022-08-13 16:17:00
1638	0	2022-08-13 16:18:00
1639	0	2022-08-13 16:19:00
1640	0	2022-08-13 16:20:00
1641	0	2022-08-13 16:21:00
1642	0	2022-08-13 16:22:00
1643	0	2022-08-13 16:23:00
1644	0	2022-08-13 16:24:00
1645	0	2022-08-13 16:25:00
1646	0	2022-08-13 16:26:00
1647	0	2022-08-13 16:27:00
1648	0	2022-08-13 16:28:00
1649	0	2022-08-13 16:29:00
1650	0	2022-08-13 16:30:00
1651	0	2022-08-13 16:31:00
1652	0	2022-08-13 16:32:00
1653	0	2022-08-13 16:33:00
1654	0	2022-08-13 16:34:00
1655	0	2022-08-13 16:35:00
1656	0	2022-08-13 16:36:00
1657	0	2022-08-13 16:37:00
1658	0	2022-08-13 16:38:00
1659	0	2022-08-13 16:39:00
1660	0	2022-08-13 16:40:00
1661	0	2022-08-13 16:41:00
1662	0	2022-08-13 16:42:00
1663	0	2022-08-13 16:43:00
1664	0	2022-08-13 16:44:00
1665	0	2022-08-13 16:45:00
1666	0	2022-08-13 16:46:00
1667	0	2022-08-13 16:47:00
1668	0	2022-08-13 16:48:00
1669	0	2022-08-13 16:49:00
1670	0	2022-08-13 16:50:00
1671	0	2022-08-13 16:51:00
1672	0	2022-08-13 16:52:00
1673	0	2022-08-13 16:53:00
1674	0	2022-08-13 16:54:00
1675	0	2022-08-13 16:55:00
1676	0	2022-08-13 16:56:00
1677	0	2022-08-13 16:57:00
1678	0	2022-08-13 16:58:00
1679	0	2022-08-13 16:59:00
