1660160251	2022-08-10 21:37:31	-129.41
1660160255	2022-08-10 21:37:35	-147.59
1660160267	2022-08-10 21:37:47	-128.63
1660160267	2022-08-10 21:37:47	-130.93
1660160274	2022-08-10 21:37:54	-129.22
1660160281	2022-08-10 21:38:01	-124.81
1660160281	2022-08-10 21:38:01	-145.68
1660160284	2022-08-10 21:38:04	-133.18
1660160287	2022-08-10 21:38:07	-131.19
1660160293	2022-08-10 21:38:13	-146.48
1660160296	2022-08-10 21:38:16	-147.10
1660160308	2022-08-10 21:38:28	-127.17
1660160308	2022-08-10 21:38:28	-130.94
1660160320	2022-08-10 21:38:40	-132.04
1660160324	2022-08-10 21:38:44	-132.04
1660160341	2022-08-10 21:39:01	-127.91
1660160355	2022-08-10 21:39:15	-146.08
1660160357	2022-08-10 21:39:17	-143.30
1660160358	2022-08-10 21:39:18	-127.18
1660160360	2022-08-10 21:39:20	-120.95
1660160362	2022-08-10 21:39:22	-128.14
1660160371	2022-08-10 21:39:31	-113.69
1660160371	2022-08-10 21:39:31	-137.60
1660160381	2022-08-10 21:39:41	-114.45
1660160382	2022-08-10 21:39:42	-123.49
1660160395	2022-08-10 21:39:55	-136.03
1660160399	2022-08-10 21:39:59	-137.21
1660160401	2022-08-10 21:40:01	-119.29
1660160533	2022-08-10 21:42:13	-127.37
1660160563	2022-08-10 21:42:43	-126.30
1660160593	2022-08-10 21:43:13	-128.86
1660160593	2022-08-10 21:43:13	-139.18
1660160593	2022-08-10 21:43:13	-115.21
1660160593	2022-08-10 21:43:13	-115.21
1660161229	2022-08-10 21:53:49	-100.17
1660161259	2022-08-10 21:54:19	-101.12
1660161289	2022-08-10 21:54:49	-101.30
1660161319	2022-08-10 21:55:19	-101.49
1660161349	2022-08-10 21:55:49	-102.46
1660161379	2022-08-10 21:56:19	-101.05
1660161415	2022-08-10 21:56:55	-102.00
1660161439	2022-08-10 21:57:19	-102.13
1660161469	2022-08-10 21:57:49	-102.94
1660161499	2022-08-10 21:58:19	-102.56
1660161529	2022-08-10 21:58:49	-102.01
1660161540	2022-08-10 21:59:00	-97.24
1660161559	2022-08-10 21:59:19	-97.43
1660161589	2022-08-10 21:59:49	-97.80
1660161598	2022-08-10 21:59:58	-101.88
1660161619	2022-08-10 22:00:19	-99.64
1660161649	2022-08-10 22:00:49	-99.71
1660161679	2022-08-10 22:01:19	-101.78
1660161709	2022-08-10 22:01:49	-101.05
1660161739	2022-08-10 22:02:19	-101.88
1660161769	2022-08-10 22:02:49	-101.12
1660161799	2022-08-10 22:03:19	-100.47
1660161829	2022-08-10 22:03:49	-100.34
1660161859	2022-08-10 22:04:19	-100.73
1660161889	2022-08-10 22:04:49	-101.16
1660161919	2022-08-10 22:05:19	-101.49
1660161949	2022-08-10 22:05:49	-102.47
1660161979	2022-08-10 22:06:19	-100.69
1660162009	2022-08-10 22:06:49	-101.10
1660162039	2022-08-10 22:07:19	-101.77
1660162069	2022-08-10 22:07:49	-102.72
1660162099	2022-08-10 22:08:19	-101.33
1660162129	2022-08-10 22:08:49	-100.38
1660162159	2022-08-10 22:09:19	-101.87
1660162189	2022-08-10 22:09:49	-100.70
1660162219	2022-08-10 22:10:19	-100.02
1660162249	2022-08-10 22:10:49	-100.82
1660163302	2022-08-10 22:28:22	-140.56
1660163332	2022-08-10 22:28:52	-138.06
1660163362	2022-08-10 22:29:22	-141.90
1660163363	2022-08-10 22:29:23	-142.33
1660163392	2022-08-10 22:29:52	-138.80
1660163423	2022-08-10 22:30:23	-141.90
1660163453	2022-08-10 22:30:53	-143.91
1660163465	2022-08-10 22:31:05	-134.12
1660163483	2022-08-10 22:31:23	-137.48
1660163513	2022-08-10 22:31:53	-145.78
1660163541	2022-08-10 22:32:21	-141.62
1660163542	2022-08-10 22:32:22	-149.14
1660163543	2022-08-10 22:32:23	-149.14
1660163573	2022-08-10 22:32:53	-146.27
1660163588	2022-08-10 22:33:08	-140.02
1660163603	2022-08-10 22:33:23	-140.79
1660163633	2022-08-10 22:33:53	-148.58
1660163644	2022-08-10 22:34:04	-137.33
1660163650	2022-08-10 22:34:10	-142.53
1660163651	2022-08-10 22:34:11	-145.27
1660163653	2022-08-10 22:34:13	-143.69
1660163663	2022-08-10 22:34:23	-140.94
1660163670	2022-08-10 22:34:30	-107.91
1660163672	2022-08-10 22:34:32	-128.20
1660163674	2022-08-10 22:34:34	-108.58
1660163676	2022-08-10 22:34:36	-123.25
1660163680	2022-08-10 22:34:40	-124.53
1660163689	2022-08-10 22:34:49	-133.55
1660163693	2022-08-10 22:34:53	-140.05
1660163723	2022-08-10 22:35:23	-140.85
1660163748	2022-08-10 22:35:48	-118.04
1660163753	2022-08-10 22:35:53	-124.53
1660163775	2022-08-10 22:36:15	-107.60
1660163783	2022-08-10 22:36:23	-110.04
1660163813	2022-08-10 22:36:53	-110.37
1660163824	2022-08-10 22:37:04	-103.05
1660163825	2022-08-10 22:37:05	-107.99
1660163843	2022-08-10 22:37:23	-113.58
1660163873	2022-08-10 22:37:53	-112.16
1660163884	2022-08-10 22:38:04	-107.80
1660163903	2022-08-10 22:38:23	-123.31
1660163907	2022-08-10 22:38:27	-107.79
1660163927	2022-08-10 22:38:47	-101.97
1660163930	2022-08-10 22:38:50	-107.83
1660163933	2022-08-10 22:38:53	-116.73
1660163943	2022-08-10 22:39:03	-113.71
1660163946	2022-08-10 22:39:06	-99.90
1660163963	2022-08-10 22:39:23	-110.05
1660163993	2022-08-10 22:39:53	-108.80
1660164003	2022-08-10 22:40:03	-110.36
1660164006	2022-08-10 22:40:06	-105.60
1660164017	2022-08-10 22:40:17	-114.85
1660164018	2022-08-10 22:40:18	-107.25
1660164023	2022-08-10 22:40:23	-109.78
1660164053	2022-08-10 22:40:53	-115.56
1660164064	2022-08-10 22:41:04	-106.55
1660164066	2022-08-10 22:41:06	-107.23
1660164083	2022-08-10 22:41:23	-107.47
1660164113	2022-08-10 22:41:53	-111.53
1660164143	2022-08-10 22:42:23	-102.99
1660164173	2022-08-10 22:42:53	-113.97
1660164181	2022-08-10 22:43:01	-113.36
1660164191	2022-08-10 22:43:11	-116.71
1660164197	2022-08-10 22:43:17	-110.47
1660164203	2022-08-10 22:43:23	-116.37
1660164233	2022-08-10 22:43:53	-111.75
1660164234	2022-08-10 22:43:54	-120.90
1660164235	2022-08-10 22:43:55	-112.38
1660164263	2022-08-10 22:44:23	-113.75
1660164293	2022-08-10 22:44:53	-109.37
1660164318	2022-08-10 22:45:18	-116.60
1660164320	2022-08-10 22:45:20	-112.00
1660164323	2022-08-10 22:45:23	-112.81
1660164324	2022-08-10 22:45:24	-104.83
1660164342	2022-08-10 22:45:42	-106.09
1660164344	2022-08-10 22:45:44	-108.14
1660164353	2022-08-10 22:45:53	-108.66
1660164383	2022-08-10 22:46:23	-105.17
1660164413	2022-08-10 22:46:53	-110.22
1660164443	2022-08-10 22:47:23	-109.36
1660164473	2022-08-10 22:47:53	-97.49
1660164503	2022-08-10 22:48:23	-99.03
1660164533	2022-08-10 22:48:53	-102.29
1660164535	2022-08-10 22:48:55	-111.07
1660164536	2022-08-10 22:48:56	-107.15
1660164563	2022-08-10 22:49:23	-103.36
1660164593	2022-08-10 22:49:53	-103.94
1660164623	2022-08-10 22:50:23	-103.20
1660164653	2022-08-10 22:50:53	-106.16
1660164683	2022-08-10 22:51:23	-97.24
1660164713	2022-08-10 22:51:53	-102.37
1660164714	2022-08-10 22:51:54	-102.64
1660164721	2022-08-10 22:52:01	-109.07
1660164724	2022-08-10 22:52:04	-110.33
1660164727	2022-08-10 22:52:07	-98.65
1660164743	2022-08-10 22:52:23	-102.06
1660164773	2022-08-10 22:52:53	-103.16
1660164803	2022-08-10 22:53:23	-104.23
1660164821	2022-08-10 22:53:41	-97.00
1660164833	2022-08-10 22:53:53	-102.55
1660164863	2022-08-10 22:54:23	-105.41
1660164893	2022-08-10 22:54:53	-112.34
1660164923	2022-08-10 22:55:23	-104.97
1660164953	2022-08-10 22:55:53	-106.34
1660164983	2022-08-10 22:56:23	-108.90
1660165013	2022-08-10 22:56:53	-107.27
1660165019	2022-08-10 22:56:59	-105.21
1660165021	2022-08-10 22:57:01	-109.94
1660165043	2022-08-10 22:57:23	-106.74
1660165073	2022-08-10 22:57:53	-106.26
1660165102	2022-08-10 22:58:22	-124.23
1660165103	2022-08-10 22:58:23	-122.91
1660165106	2022-08-10 22:58:26	-118.12
1660165107	2022-08-10 22:58:27	-114.73
1660165130	2022-08-10 22:58:50	-120.66
1660165133	2022-08-10 22:58:53	-120.10
1660165137	2022-08-10 22:58:57	-123.17
1660165139	2022-08-10 22:58:59	-121.35
1660165144	2022-08-10 22:59:04	-121.21
1660165146	2022-08-10 22:59:06	-116.83
1660165163	2022-08-10 22:59:23	-124.92
1660165193	2022-08-10 22:59:53	-122.37
1660165201	2022-08-10 23:00:01	-80.88
1660165204	2022-08-10 23:00:04	-94.57
1660165206	2022-08-10 23:00:06	-106.13
1660165210	2022-08-10 23:00:10	-105.07
1660165212	2022-08-10 23:00:12	-114.34
1660165218	2022-08-10 23:00:18	-105.08
1660165220	2022-08-10 23:00:20	-107.46
1660165222	2022-08-10 23:00:22	-104.56
1660165223	2022-08-10 23:00:23	-105.25
1660165226	2022-08-10 23:00:26	-106.92
1660165239	2022-08-10 23:00:39	-113.39
1660165240	2022-08-10 23:00:40	-115.10
1660165242	2022-08-10 23:00:42	-97.99
1660165247	2022-08-10 23:00:47	-105.30
1660165248	2022-08-10 23:00:48	-115.44
1660165252	2022-08-10 23:00:52	-118.03
1660165253	2022-08-10 23:00:53	-109.70
1660165253	2022-08-10 23:00:53	-109.70
1660165255	2022-08-10 23:00:55	-106.84
1660165256	2022-08-10 23:00:56	-122.81
1660165259	2022-08-10 23:00:59	-102.40
1660165260	2022-08-10 23:01:00	-108.82
1660165264	2022-08-10 23:01:04	-105.30
1660165265	2022-08-10 23:01:05	-108.80
1660165269	2022-08-10 23:01:09	-103.57
1660165271	2022-08-10 23:01:11	-113.94
1660165272	2022-08-10 23:01:12	-106.33
1660165277	2022-08-10 23:01:17	-109.86
1660165283	2022-08-10 23:01:23	-104.05
1660165283	2022-08-10 23:01:23	-104.05
1660165285	2022-08-10 23:01:25	-107.34
1660165286	2022-08-10 23:01:26	-112.08
1660165288	2022-08-10 23:01:28	-113.42
1660165289	2022-08-10 23:01:29	-105.93
1660165290	2022-08-10 23:01:30	-99.56
1660165291	2022-08-10 23:01:31	-104.80
1660165292	2022-08-10 23:01:32	-103.10
1660165294	2022-08-10 23:01:34	-119.55
1660165300	2022-08-10 23:01:40	-97.19
1660165301	2022-08-10 23:01:41	-111.71
1660165307	2022-08-10 23:01:47	-109.62
1660165308	2022-08-10 23:01:48	-112.89
1660165313	2022-08-10 23:01:53	-109.10
1660165316	2022-08-10 23:01:56	-115.85
1660165322	2022-08-10 23:02:02	-99.83
1660165324	2022-08-10 23:02:04	-109.72
1660165338	2022-08-10 23:02:18	-109.64
1660165343	2022-08-10 23:02:23	-122.03
1660165356	2022-08-10 23:02:36	-110.44
1660165357	2022-08-10 23:02:37	-107.93
1660165366	2022-08-10 23:02:46	-109.87
1660165368	2022-08-10 23:02:48	-104.88
1660165373	2022-08-10 23:02:53	-104.78
1660165375	2022-08-10 23:02:55	-99.71
1660165375	2022-08-10 23:02:55	-124.82
1660165377	2022-08-10 23:02:57	-113.40
1660165378	2022-08-10 23:02:58	-110.95
1660165382	2022-08-10 23:03:02	-118.42
1660165383	2022-08-10 23:03:03	-111.07
1660165384	2022-08-10 23:03:04	-103.31
1660165388	2022-08-10 23:03:08	-107.74
1660165390	2022-08-10 23:03:10	-104.67
1660165396	2022-08-10 23:03:16	-100.66
1660165398	2022-08-10 23:03:18	-109.58
1660165403	2022-08-10 23:03:23	-106.70
1660165403	2022-08-10 23:03:23	-106.70
1660165405	2022-08-10 23:03:25	-106.65
1660165414	2022-08-10 23:03:34	-107.76
1660165416	2022-08-10 23:03:36	-126.46
1660165418	2022-08-10 23:03:38	-103.64
1660165419	2022-08-10 23:03:39	-121.02
1660165422	2022-08-10 23:03:42	-109.27
1660165423	2022-08-10 23:03:43	-107.38
1660165427	2022-08-10 23:03:47	-102.27
1660165431	2022-08-10 23:03:51	-112.20
1660165432	2022-08-10 23:03:52	-107.38
1660165433	2022-08-10 23:03:53	-109.24
1660165433	2022-08-10 23:03:53	-109.24
1660165434	2022-08-10 23:03:54	-108.32
1660165440	2022-08-10 23:04:00	-107.64
1660165442	2022-08-10 23:04:02	-104.21
1660165448	2022-08-10 23:04:08	-105.19
1660165449	2022-08-10 23:04:09	-103.28
1660165451	2022-08-10 23:04:11	-106.33
1660165458	2022-08-10 23:04:18	-107.90
1660165463	2022-08-10 23:04:23	-104.43
1660165463	2022-08-10 23:04:23	-104.43
1660165465	2022-08-10 23:04:25	-107.88
1660165466	2022-08-10 23:04:26	-107.72
1660165469	2022-08-10 23:04:29	-107.15
1660165470	2022-08-10 23:04:30	-111.91
1660165476	2022-08-10 23:04:36	-107.70
1660165478	2022-08-10 23:04:38	-102.75
1660165480	2022-08-10 23:04:40	-109.01
1660165483	2022-08-10 23:04:43	-107.49
1660165484	2022-08-10 23:04:44	-125.71
1660165488	2022-08-10 23:04:48	-105.34
1660165493	2022-08-10 23:04:53	-103.18
1660165493	2022-08-10 23:04:53	-103.18
1660165498	2022-08-10 23:04:58	-111.04
1660165511	2022-08-10 23:05:11	-109.63
1660165512	2022-08-10 23:05:12	-93.80
1660165514	2022-08-10 23:05:14	-104.37
1660165515	2022-08-10 23:05:15	-107.94
1660165517	2022-08-10 23:05:17	-103.35
1660165522	2022-08-10 23:05:22	-109.58
1660165523	2022-08-10 23:05:23	-115.93
1660165523	2022-08-10 23:05:23	-115.93
1660165527	2022-08-10 23:05:27	-104.58
1660165530	2022-08-10 23:05:30	-107.96
1660165553	2022-08-10 23:05:53	-112.00
1660165557	2022-08-10 23:05:57	-105.10
1660165560	2022-08-10 23:06:00	-115.23
1660165563	2022-08-10 23:06:03	-107.54
1660165571	2022-08-10 23:06:11	-115.11
1660165572	2022-08-10 23:06:12	-107.80
1660165574	2022-08-10 23:06:14	-109.15
1660165575	2022-08-10 23:06:15	-114.28
1660165576	2022-08-10 23:06:16	-106.90
1660165583	2022-08-10 23:06:23	-109.61
1660165589	2022-08-10 23:06:29	-100.18
1660165590	2022-08-10 23:06:30	-110.77
1660165595	2022-08-10 23:06:35	-106.41
1660165609	2022-08-10 23:06:49	-107.35
1660165613	2022-08-10 23:06:53	-106.33
1660165613	2022-08-10 23:06:53	-106.33
1660165619	2022-08-10 23:06:59	-103.42
1660165621	2022-08-10 23:07:01	-106.63
1660165643	2022-08-10 23:07:23	-121.60
1660165649	2022-08-10 23:07:29	-109.41
1660165669	2022-08-10 23:07:49	-105.37
1660165673	2022-08-10 23:07:53	-104.45
1660165676	2022-08-10 23:07:56	-103.32
1660165688	2022-08-10 23:08:08	-106.93
1660165691	2022-08-10 23:08:11	-110.36
1660165692	2022-08-10 23:08:12	-107.53
1660165703	2022-08-10 23:08:23	-105.94
1660165710	2022-08-10 23:08:30	-121.43
1660165714	2022-08-10 23:08:34	-108.56
1660165715	2022-08-10 23:08:35	-113.96
1660165717	2022-08-10 23:08:37	-123.79
1660165721	2022-08-10 23:08:41	-105.60
1660165725	2022-08-10 23:08:45	-109.01
1660165726	2022-08-10 23:08:46	-98.54
1660165733	2022-08-10 23:08:53	-97.36
1660165736	2022-08-10 23:08:56	-89.75
1660165738	2022-08-10 23:08:58	-98.61
1660165739	2022-08-10 23:08:59	-91.33
1660165740	2022-08-10 23:09:00	-118.39
1660165747	2022-08-10 23:09:07	-87.32
1660165748	2022-08-10 23:09:08	-100.00
1660165762	2022-08-10 23:09:22	-88.93
1660165763	2022-08-10 23:09:23	-98.68
1660165764	2022-08-10 23:09:24	-102.54
1660165778	2022-08-10 23:09:38	-115.11
1660165793	2022-08-10 23:09:53	-120.89
1660165796	2022-08-10 23:09:56	-93.42
1660165798	2022-08-10 23:09:58	-96.24
1660165800	2022-08-10 23:10:00	-89.76
1660165802	2022-08-10 23:10:02	-104.40
1660165815	2022-08-10 23:10:15	-97.42
1660165816	2022-08-10 23:10:16	-120.86
1660165823	2022-08-10 23:10:23	-104.93
1660165838	2022-08-10 23:10:38	-95.33
1660165840	2022-08-10 23:10:40	-101.25
1660165853	2022-08-10 23:10:53	-98.69
1660165868	2022-08-10 23:11:08	-87.98
1660165869	2022-08-10 23:11:09	-99.67
1660165883	2022-08-10 23:11:23	-92.77
1660165883	2022-08-10 23:11:23	-92.77
1660165884	2022-08-10 23:11:24	-111.21
1660165898	2022-08-10 23:11:38	-87.38
1660165900	2022-08-10 23:11:40	-102.38
1660165913	2022-08-10 23:11:53	-100.35
1660165937	2022-08-10 23:12:17	-103.20
1660165943	2022-08-10 23:12:23	-103.96
1660165973	2022-08-10 23:12:53	-97.13
1660166003	2022-08-10 23:13:23	-97.62
1660166017	2022-08-10 23:13:37	-219.29
1660166033	2022-08-10 23:13:53	-199.40
1660166063	2022-08-10 23:14:23	-180.30
1660166093	2022-08-10 23:14:53	-195.25
1660166123	2022-08-10 23:15:23	-207.38
1660166153	2022-08-10 23:15:53	-189.07
1660166183	2022-08-10 23:16:23	-273.12
1660166213	2022-08-10 23:16:53	-195.11
1660166239	2022-08-10 23:17:19	-99.25
1660166243	2022-08-10 23:17:23	-97.37
1660166248	2022-08-10 23:17:28	-76.25
1660166250	2022-08-10 23:17:30	-94.51
1660166273	2022-08-10 23:17:53	-101.28
1660166286	2022-08-10 23:18:06	-82.51
1660166287	2022-08-10 23:18:07	-96.91
1660166304	2022-08-10 23:18:24	-100.07
1660166316	2022-08-10 23:18:36	-80.34
1660166318	2022-08-10 23:18:38	-98.64
1660166333	2022-08-10 23:18:53	-95.55
1660166354	2022-08-10 23:19:14	-87.44
1660166356	2022-08-10 23:19:16	-103.08
1660166363	2022-08-10 23:19:23	-99.65
1660166385	2022-08-10 23:19:45	-97.06
1660166387	2022-08-10 23:19:47	-99.18
1660166391	2022-08-10 23:19:51	-93.31
1660166393	2022-08-10 23:19:53	-121.62
1660166394	2022-08-10 23:19:54	-102.71
1660166400	2022-08-10 23:20:00	-93.69
1660166401	2022-08-10 23:20:01	-105.49
1660166415	2022-08-10 23:20:15	-95.18
1660166417	2022-08-10 23:20:17	-100.76
1660166424	2022-08-10 23:20:24	-102.20
1660166441	2022-08-10 23:20:41	-130.07
1660166442	2022-08-10 23:20:42	-105.33
1660166453	2022-08-10 23:20:53	-100.01
1660166454	2022-08-10 23:20:54	-103.07
1660166460	2022-08-10 23:21:00	-105.72
1660166465	2022-08-10 23:21:05	-106.72
1660166467	2022-08-10 23:21:07	-99.80
1660166483	2022-08-10 23:21:23	-100.26
1660166514	2022-08-10 23:21:54	-98.27
1660166521	2022-08-10 23:22:01	-102.69
1660166524	2022-08-10 23:22:04	-111.52
1660166526	2022-08-10 23:22:06	-107.47
1660166530	2022-08-10 23:22:10	-105.44
1660166531	2022-08-10 23:22:11	-113.37
1660166532	2022-08-10 23:22:12	-121.35
1660166536	2022-08-10 23:22:16	-75.02
1660166540	2022-08-10 23:22:20	-109.00
1660166542	2022-08-10 23:22:22	-99.23
1660166543	2022-08-10 23:22:23	-113.42
1660166573	2022-08-10 23:22:53	-117.41
1660166581	2022-08-10 23:23:01	-113.91
1660166589	2022-08-10 23:23:09	-115.70
1660166603	2022-08-10 23:23:23	-111.41
1660166633	2022-08-10 23:23:53	-119.08
1660166664	2022-08-10 23:24:24	-119.56
1660166665	2022-08-10 23:24:25	-108.43
1660166667	2022-08-10 23:24:27	-87.36
1660166669	2022-08-10 23:24:29	-104.81
1660166694	2022-08-10 23:24:54	-110.91
1660166724	2022-08-10 23:25:24	-115.96
1660166754	2022-08-10 23:25:54	-106.09
1660166784	2022-08-10 23:26:24	-118.35
1660166814	2022-08-10 23:26:54	-118.71
1660166844	2022-08-10 23:27:24	-103.47
1660166874	2022-08-10 23:27:54	-112.20
1660166904	2022-08-10 23:28:24	-111.95
1660166934	2022-08-10 23:28:54	-109.82
1660166964	2022-08-10 23:29:24	-112.41
1660166994	2022-08-10 23:29:54	-120.63
1660167024	2022-08-10 23:30:24	-113.85
1660167054	2022-08-10 23:30:54	-115.26
1660167084	2022-08-10 23:31:24	-121.07
1660167114	2022-08-10 23:31:54	-106.52
1660167144	2022-08-10 23:32:24	-115.28
1660167174	2022-08-10 23:32:54	-110.39
1660167204	2022-08-10 23:33:24	-103.76
1660167234	2022-08-10 23:33:54	-106.57
1660167264	2022-08-10 23:34:24	-119.35
1660167270	2022-08-10 23:34:30	-107.12
1660167275	2022-08-10 23:34:35	-102.17
1660167282	2022-08-10 23:34:42	-98.61
1660167294	2022-08-10 23:34:54	-102.08
1660167324	2022-08-10 23:35:24	-101.27
1660167354	2022-08-10 23:35:54	-107.41
1660167384	2022-08-10 23:36:24	-98.96
1660167414	2022-08-10 23:36:54	-104.42
1660167444	2022-08-10 23:37:24	-103.02
1660167474	2022-08-10 23:37:54	-103.46
1660167504	2022-08-10 23:38:24	-99.34
1660167534	2022-08-10 23:38:54	-97.92
1660167564	2022-08-10 23:39:24	-101.18
1660167594	2022-08-10 23:39:54	-98.55
1660167624	2022-08-10 23:40:24	-122.01
1660167654	2022-08-10 23:40:54	-107.36
1660167684	2022-08-10 23:41:24	-98.16
1660167714	2022-08-10 23:41:54	-98.30
1660167744	2022-08-10 23:42:24	-98.51
1660167774	2022-08-10 23:42:54	-104.30
1660167778	2022-08-10 23:42:58	-89.14
1660167791	2022-08-10 23:43:11	-89.74
1660167797	2022-08-10 23:43:17	-83.69
1660167804	2022-08-10 23:43:24	-82.56
1660167834	2022-08-10 23:43:54	-105.32
1660167864	2022-08-10 23:44:24	-82.93
1660167894	2022-08-10 23:44:54	-77.52
1660167924	2022-08-10 23:45:24	-74.89
1660167954	2022-08-10 23:45:54	-78.77
1660167984	2022-08-10 23:46:24	-85.30
1660168014	2022-08-10 23:46:54	-70.26
1660168044	2022-08-10 23:47:24	-83.42
1660168074	2022-08-10 23:47:54	-79.46
1660168104	2022-08-10 23:48:24	-83.43
1660168134	2022-08-10 23:48:54	-96.95
1660168164	2022-08-10 23:49:24	-90.63
1660168194	2022-08-10 23:49:54	-88.40
1660168224	2022-08-10 23:50:24	-91.10
1660168254	2022-08-10 23:50:54	-77.36
1660168281	2022-08-10 23:51:21	-81.64
1660168284	2022-08-10 23:51:24	-83.63
1660168288	2022-08-10 23:51:28	-70.22
1660168314	2022-08-10 23:51:54	-84.71
1660168323	2022-08-10 23:52:03	-78.98
1660168328	2022-08-10 23:52:08	-94.81
1660168344	2022-08-10 23:52:24	-86.54
1660168367	2022-08-10 23:52:47	-91.14
1660168374	2022-08-10 23:52:54	-94.19
1660168404	2022-08-10 23:53:24	-89.25
1660168434	2022-08-10 23:53:54	-95.79
1660168464	2022-08-10 23:54:24	-85.13
1660168494	2022-08-10 23:54:54	-101.82
1660168524	2022-08-10 23:55:24	-104.21
1660168554	2022-08-10 23:55:54	-106.12
1660168584	2022-08-10 23:56:24	-89.95
1660168614	2022-08-10 23:56:54	-89.60
1660168644	2022-08-10 23:57:24	-91.38
1660168674	2022-08-10 23:57:54	-90.62
1660168704	2022-08-10 23:58:24	-89.98
1660168734	2022-08-10 23:58:54	-91.80
1660168764	2022-08-10 23:59:24	-91.64
1660168794	2022-08-10 23:59:54	-91.33
1660168824	2022-08-11 00:00:24	-92.61
1660168829	2022-08-11 00:00:29	-88.27
1660168832	2022-08-11 00:00:32	-85.72
1660168845	2022-08-11 00:00:45	-98.96
1660168853	2022-08-11 00:00:53	-90.42
1660168854	2022-08-11 00:00:54	-88.00
1660168860	2022-08-11 00:01:00	-85.22
1660168884	2022-08-11 00:01:24	-91.84
1660168885	2022-08-11 00:01:25	-94.82
1660168888	2022-08-11 00:01:28	-84.44
1660168914	2022-08-11 00:01:54	-88.42
1660168944	2022-08-11 00:02:24	-85.71
1660168959	2022-08-11 00:02:39	-94.68
1660168960	2022-08-11 00:02:40	-87.36
1660168964	2022-08-11 00:02:44	-91.61
1660168969	2022-08-11 00:02:49	-88.21
1660168974	2022-08-11 00:02:54	-88.50
1660168990	2022-08-11 00:03:10	-92.42
1660168991	2022-08-11 00:03:11	-86.04
1660168995	2022-08-11 00:03:15	-90.63
1660168997	2022-08-11 00:03:17	-91.58
1660169002	2022-08-11 00:03:22	-93.32
1660169004	2022-08-11 00:03:24	-95.23
1660169005	2022-08-11 00:03:25	-93.48
1660169007	2022-08-11 00:03:27	-106.52
1660169034	2022-08-11 00:03:54	-99.14
1660169064	2022-08-11 00:04:24	-88.11
1660169094	2022-08-11 00:04:54	-104.44
1660169124	2022-08-11 00:05:24	-101.15
1660169154	2022-08-11 00:05:54	-98.93
1660169184	2022-08-11 00:06:24	-97.75
1660169214	2022-08-11 00:06:54	-96.57
1660169244	2022-08-11 00:07:24	-97.92
1660169274	2022-08-11 00:07:54	-99.84
1660169304	2022-08-11 00:08:24	-98.83
1660169334	2022-08-11 00:08:54	-91.27
1660169364	2022-08-11 00:09:24	-92.14
1660169394	2022-08-11 00:09:54	-91.75
1660169424	2022-08-11 00:10:24	-95.59
1660169454	2022-08-11 00:10:54	-102.03
1660169485	2022-08-11 00:11:25	-99.67
1660169515	2022-08-11 00:11:55	-98.79
1660169545	2022-08-11 00:12:25	-89.26
1660169575	2022-08-11 00:12:55	-94.38
1660169605	2022-08-11 00:13:25	-92.54
1660169635	2022-08-11 00:13:55	-95.34
1660169665	2022-08-11 00:14:25	-94.69
1660169675	2022-08-11 00:14:35	-77.74
1660169695	2022-08-11 00:14:55	-82.34
1660169725	2022-08-11 00:15:25	-86.81
1660169755	2022-08-11 00:15:55	-86.40
1660169762	2022-08-11 00:16:02	-90.53
1660169771	2022-08-11 00:16:11	-112.47
1660169785	2022-08-11 00:16:25	-91.31
1660169815	2022-08-11 00:16:55	-94.38
1660169845	2022-08-11 00:17:25	-89.39
1660169875	2022-08-11 00:17:55	-92.81
1660169905	2022-08-11 00:18:25	-92.57
1660169935	2022-08-11 00:18:55	-92.99
1660169965	2022-08-11 00:19:25	-91.33
1660169995	2022-08-11 00:19:55	-97.50
1660170025	2022-08-11 00:20:25	-93.82
1660170040	2022-08-11 00:20:40	-78.46
1660170041	2022-08-11 00:20:41	-91.72
1660170055	2022-08-11 00:20:55	-87.37
1660170085	2022-08-11 00:21:25	-80.42
1660170115	2022-08-11 00:21:55	-89.14
1660170145	2022-08-11 00:22:25	-91.38
1660170175	2022-08-11 00:22:55	-92.97
1660170182	2022-08-11 00:23:02	-96.01
1660170198	2022-08-11 00:23:18	-90.54
1660170205	2022-08-11 00:23:25	-76.57
1660170235	2022-08-11 00:23:55	-89.21
1660170265	2022-08-11 00:24:25	-91.15
1660170295	2022-08-11 00:24:55	-93.05
1660170325	2022-08-11 00:25:25	-93.72
1660170355	2022-08-11 00:25:55	-96.29
1660170385	2022-08-11 00:26:25	-92.16
1660170401	2022-08-11 00:26:41	-81.09
1660170413	2022-08-11 00:26:53	-84.43
1660170415	2022-08-11 00:26:55	-83.90
1660170426	2022-08-11 00:27:06	-79.99
1660170445	2022-08-11 00:27:25	-79.40
1660170448	2022-08-11 00:27:28	-80.62
1660170454	2022-08-11 00:27:34	-78.22
1660170472	2022-08-11 00:27:52	-80.74
1660170475	2022-08-11 00:27:55	-82.11
1660170475	2022-08-11 00:27:55	-82.11
1660170484	2022-08-11 00:28:04	-87.97
1660170492	2022-08-11 00:28:12	-79.70
1660170504	2022-08-11 00:28:24	-89.48
1660170505	2022-08-11 00:28:25	-82.95
1660170506	2022-08-11 00:28:26	-82.93
1660170514	2022-08-11 00:28:34	-81.41
1660170517	2022-08-11 00:28:37	-82.80
1660170522	2022-08-11 00:28:42	-88.69
1660170531	2022-08-11 00:28:51	-85.55
1660170535	2022-08-11 00:28:55	-83.29
1660170557	2022-08-11 00:29:17	-87.62
1660170561	2022-08-11 00:29:21	-81.29
1660170562	2022-08-11 00:29:22	-77.28
1660170565	2022-08-11 00:29:25	-83.56
1660170582	2022-08-11 00:29:42	-81.29
1660170583	2022-08-11 00:29:43	-75.84
1660170593	2022-08-11 00:29:53	-86.27
1660170595	2022-08-11 00:29:55	-84.42
1660170599	2022-08-11 00:29:59	-82.15
1660170609	2022-08-11 00:30:09	-87.11
1660170612	2022-08-11 00:30:12	-84.62
1660170625	2022-08-11 00:30:25	-83.85
1660170627	2022-08-11 00:30:27	-83.56
1660170629	2022-08-11 00:30:29	-85.40
1660170635	2022-08-11 00:30:35	-75.59
1660170636	2022-08-11 00:30:36	-82.28
1660170655	2022-08-11 00:30:55	-83.82
1660170661	2022-08-11 00:31:01	-82.46
1660170666	2022-08-11 00:31:06	-86.11
1660170674	2022-08-11 00:31:14	-81.12
1660170675	2022-08-11 00:31:15	-87.22
1660170678	2022-08-11 00:31:18	-83.59
1660170685	2022-08-11 00:31:25	-82.87
1660170700	2022-08-11 00:31:40	-84.12
1660170713	2022-08-11 00:31:53	-86.15
1660170715	2022-08-11 00:31:55	-85.33
1660170742	2022-08-11 00:32:22	-87.17
1660170745	2022-08-11 00:32:25	-85.82
1660170756	2022-08-11 00:32:36	-82.46
1660170759	2022-08-11 00:32:39	-85.41
1660170764	2022-08-11 00:32:44	-92.56
1660170766	2022-08-11 00:32:46	-84.31
1660170774	2022-08-11 00:32:54	-83.01
1660170775	2022-08-11 00:32:55	-83.01
1660170779	2022-08-11 00:32:59	-87.46
1660170784	2022-08-11 00:33:04	-82.15
1660170793	2022-08-11 00:33:13	-81.83
1660170796	2022-08-11 00:33:16	-83.47
1660170800	2022-08-11 00:33:20	-88.55
1660170800	2022-08-11 00:33:20	-81.99
1660170805	2022-08-11 00:33:25	-82.82
1660170809	2022-08-11 00:33:29	-83.83
1660170813	2022-08-11 00:33:33	-82.69
1660170819	2022-08-11 00:33:39	-77.47
1660170835	2022-08-11 00:33:55	-81.63
1660170840	2022-08-11 00:34:00	-83.08
1660170842	2022-08-11 00:34:02	-83.70
1660170844	2022-08-11 00:34:04	-97.64
1660170845	2022-08-11 00:34:05	-82.46
1660170852	2022-08-11 00:34:12	-86.94
1660170854	2022-08-11 00:34:14	-88.17
1660170856	2022-08-11 00:34:16	-81.21
1660170860	2022-08-11 00:34:20	-80.61
1660170864	2022-08-11 00:34:24	398.30
1660170865	2022-08-11 00:34:25	398.30
1660170865	2022-08-11 00:34:25	0.00
1660170866	2022-08-11 00:34:26	-82.29
1660170868	2022-08-11 00:34:28	-64.63
1660170871	2022-08-11 00:34:31	-89.10
1660170875	2022-08-11 00:34:35	-75.60
1660170879	2022-08-11 00:34:39	-79.68
1660170883	2022-08-11 00:34:43	-79.90
1660170894	2022-08-11 00:34:54	-91.34
1660170895	2022-08-11 00:34:55	-91.34
1660170925	2022-08-11 00:35:25	-80.16
1660170925	2022-08-11 00:35:25	-77.82
1660170955	2022-08-11 00:35:55	-78.21
1660170966	2022-08-11 00:36:06	-94.27
1660170985	2022-08-11 00:36:25	-78.00
1660171015	2022-08-11 00:36:55	-82.31
1660171045	2022-08-11 00:37:25	-80.60
1660171075	2022-08-11 00:37:55	-80.41
1660171090	2022-08-11 00:38:10	-80.04
1660171092	2022-08-11 00:38:12	-83.04
1660171098	2022-08-11 00:38:18	-78.96
1660171104	2022-08-11 00:38:24	-85.49
1660171105	2022-08-11 00:38:25	-85.49
1660171135	2022-08-11 00:38:55	-84.49
1660171165	2022-08-11 00:39:25	-82.05
1660171169	2022-08-11 00:39:29	-77.53
1660171192	2022-08-11 00:39:52	-81.28
1660171195	2022-08-11 00:39:55	-82.31
1660171204	2022-08-11 00:40:04	-67.37
1660171206	2022-08-11 00:40:06	-81.19
1660171225	2022-08-11 00:40:25	-81.38
1660171247	2022-08-11 00:40:47	-134.85
1660171255	2022-08-11 00:40:55	-187.35
1660171285	2022-08-11 00:41:25	-189.80
1660171315	2022-08-11 00:41:55	-204.22
1660171345	2022-08-11 00:42:25	-161.14
1660171375	2022-08-11 00:42:55	-178.12
1660171403	2022-08-11 00:43:23	-89.39
1660171405	2022-08-11 00:43:25	-73.39
1660171407	2022-08-11 00:43:27	-88.32
1660171435	2022-08-11 00:43:55	-75.34
1660171465	2022-08-11 00:44:25	-83.36
1660171479	2022-08-11 00:44:39	-81.13
1660171495	2022-08-11 00:44:55	-83.11
1660171525	2022-08-11 00:45:25	-89.54
1660171539	2022-08-11 00:45:39	-83.44
1660171543	2022-08-11 00:45:43	-83.31
1660171545	2022-08-11 00:45:45	-84.51
1660171555	2022-08-11 00:45:55	-77.42
1660171585	2022-08-11 00:46:25	-82.76
1660171615	2022-08-11 00:46:55	-85.03
1660171645	2022-08-11 00:47:25	-89.04
1660171659	2022-08-11 00:47:39	-86.09
1660171675	2022-08-11 00:47:55	-82.36
1660171684	2022-08-11 00:48:04	-86.14
1660171686	2022-08-11 00:48:06	-84.03
1660171705	2022-08-11 00:48:25	-88.53
1660171720	2022-08-11 00:48:40	-86.64
1660171722	2022-08-11 00:48:42	-86.01
1660171735	2022-08-11 00:48:55	-82.77
1660171765	2022-08-11 00:49:25	-82.03
1660171795	2022-08-11 00:49:55	-85.57
1660171825	2022-08-11 00:50:25	-79.08
1660171855	2022-08-11 00:50:55	-86.63
1660171885	2022-08-11 00:51:25	-84.04
1660171915	2022-08-11 00:51:55	-79.65
1660171926	2022-08-11 00:52:06	-74.97
1660171930	2022-08-11 00:52:10	-89.86
1660171945	2022-08-11 00:52:25	-86.22
1660171975	2022-08-11 00:52:55	-87.54
1660171985	2022-08-11 00:53:05	-78.46
1660171987	2022-08-11 00:53:07	-76.50
1660172005	2022-08-11 00:53:25	-87.67
1660172035	2022-08-11 00:53:55	-80.64
1660172065	2022-08-11 00:54:25	-83.78
1660172095	2022-08-11 00:54:55	-80.44
1660172125	2022-08-11 00:55:25	-84.76
1660172155	2022-08-11 00:55:55	-86.96
1660172158	2022-08-11 00:55:58	-86.03
1660172167	2022-08-11 00:56:07	-86.36
1660172185	2022-08-11 00:56:25	-87.15
1660172215	2022-08-11 00:56:55	-86.33
1660172245	2022-08-11 00:57:25	-84.71
1660172275	2022-08-11 00:57:55	-87.29
1660172305	2022-08-11 00:58:25	-80.41
1660172335	2022-08-11 00:58:55	-86.17
1660172365	2022-08-11 00:59:25	-86.70
1660172395	2022-08-11 00:59:55	-93.74
1660172425	2022-08-11 01:00:25	-85.75
1660172455	2022-08-11 01:00:55	-85.87
1660172479	2022-08-11 01:01:19	-86.42
1660172485	2022-08-11 01:01:25	-84.11
1660172487	2022-08-11 01:01:27	-85.55
1660172515	2022-08-11 01:01:55	-86.15
1660172515	2022-08-11 01:01:55	-86.15
1660172525	2022-08-11 01:02:05	-80.14
1660172530	2022-08-11 01:02:10	-86.27
1660172545	2022-08-11 01:02:25	-83.94
1660172565	2022-08-11 01:02:45	-86.21
1660172567	2022-08-11 01:02:47	-91.92
1660172575	2022-08-11 01:02:55	-84.08
1660172590	2022-08-11 01:03:10	-96.98
1660172591	2022-08-11 01:03:11	-82.88
1660172605	2022-08-11 01:03:25	-87.78
1660172620	2022-08-11 01:03:40	-84.89
1660172621	2022-08-11 01:03:41	-89.55
1660172635	2022-08-11 01:03:55	-82.15
1660172665	2022-08-11 01:04:25	-82.88
1660172676	2022-08-11 01:04:36	-79.53
1660172695	2022-08-11 01:04:55	-82.15
1660172697	2022-08-11 01:04:57	-81.42
1660172706	2022-08-11 01:05:06	-81.57
1660172726	2022-08-11 01:05:26	-83.56
1660172727	2022-08-11 01:05:27	-82.81
1660172756	2022-08-11 01:05:56	-87.67
1660172786	2022-08-11 01:06:26	-84.45
1660172787	2022-08-11 01:06:27	-79.21
1660172798	2022-08-11 01:06:38	-87.54
1660172816	2022-08-11 01:06:56	-87.38
1660172846	2022-08-11 01:07:26	-93.12
1660172876	2022-08-11 01:07:56	-85.56
1660172906	2022-08-11 01:08:26	-77.32
1660172920	2022-08-11 01:08:40	-73.46
1660172922	2022-08-11 01:08:42	-83.82
1660172936	2022-08-11 01:08:56	-82.65
1660172966	2022-08-11 01:09:26	-81.54
1660172996	2022-08-11 01:09:56	-82.65
1660173020	2022-08-11 01:10:20	-75.78
1660173023	2022-08-11 01:10:23	-83.52
1660173026	2022-08-11 01:10:26	-87.63
1660173056	2022-08-11 01:10:56	-85.98
1660173086	2022-08-11 01:11:26	-84.30
1660173093	2022-08-11 01:11:33	-79.14
1660173095	2022-08-11 01:11:35	-83.60
1660173116	2022-08-11 01:11:56	-85.13
1660173146	2022-08-11 01:12:26	-83.55
1660173176	2022-08-11 01:12:56	-77.42
1660173206	2022-08-11 01:13:26	-84.71
1660173236	2022-08-11 01:13:56	-84.13
1660173244	2022-08-11 01:14:04	-97.26
1660173248	2022-08-11 01:14:08	-83.94
1660173266	2022-08-11 01:14:26	-84.87
1660173296	2022-08-11 01:14:56	-84.82
1660173326	2022-08-11 01:15:26	-88.08
1660173356	2022-08-11 01:15:56	-81.42
1660173364	2022-08-11 01:16:04	-105.42
1660173366	2022-08-11 01:16:06	-81.99
1660173386	2022-08-11 01:16:26	-88.20
1660173416	2022-08-11 01:16:56	-84.91
1660173424	2022-08-11 01:17:04	-77.83
1660173426	2022-08-11 01:17:06	-77.02
1660173446	2022-08-11 01:17:26	-84.88
1660173465	2022-08-11 01:17:45	-85.93
1660173473	2022-08-11 01:17:53	-82.56
1660173476	2022-08-11 01:17:56	-87.23
1660173484	2022-08-11 01:18:04	-73.16
1660173486	2022-08-11 01:18:06	-74.88
1660173499	2022-08-11 01:18:19	-82.51
1660173502	2022-08-11 01:18:22	-82.65
1660173504	2022-08-11 01:18:24	-82.10
1660173506	2022-08-11 01:18:26	-84.76
1660173517	2022-08-11 01:18:37	-88.39
1660173519	2022-08-11 01:18:39	-79.23
1660173521	2022-08-11 01:18:41	-83.89
1660173525	2022-08-11 01:18:45	-79.65
1660173533	2022-08-11 01:18:53	-82.93
1660173536	2022-08-11 01:18:56	-79.45
1660173545	2022-08-11 01:19:05	-76.20
1660173566	2022-08-11 01:19:26	-83.82
1660173596	2022-08-11 01:19:56	-86.93
1660173604	2022-08-11 01:20:04	-73.39
1660173606	2022-08-11 01:20:06	-86.62
1660173608	2022-08-11 01:20:08	-84.59
1660173611	2022-08-11 01:20:11	-69.68
1660173612	2022-08-11 01:20:12	-86.96
1660173626	2022-08-11 01:20:26	-87.75
1660173639	2022-08-11 01:20:39	-83.37
1660173641	2022-08-11 01:20:41	-88.61
1660173656	2022-08-11 01:20:56	-79.94
1660173664	2022-08-11 01:21:04	-70.76
1660173666	2022-08-11 01:21:06	-85.08
1660173671	2022-08-11 01:21:11	-71.33
1660173672	2022-08-11 01:21:12	-84.52
1660173686	2022-08-11 01:21:26	-83.36
1660173688	2022-08-11 01:21:28	-90.13
1660173702	2022-08-11 01:21:42	-84.61
1660173704	2022-08-11 01:21:44	-93.84
1660173716	2022-08-11 01:21:56	-82.53
1660173723	2022-08-11 01:22:03	-88.31
1660173725	2022-08-11 01:22:05	-92.37
1660173746	2022-08-11 01:22:26	-86.84
1660173760	2022-08-11 01:22:40	-90.50
1660173763	2022-08-11 01:22:43	-79.95
1660173769	2022-08-11 01:22:49	-77.81
1660173776	2022-08-11 01:22:56	-79.34
1660173778	2022-08-11 01:22:58	-84.29
1660173780	2022-08-11 01:23:00	-86.12
1660173782	2022-08-11 01:23:02	-92.69
1660173784	2022-08-11 01:23:04	-70.12
1660173786	2022-08-11 01:23:06	-76.60
1660173789	2022-08-11 01:23:09	-86.00
1660173806	2022-08-11 01:23:26	-88.38
1660173817	2022-08-11 01:23:37	-78.75
1660173830	2022-08-11 01:23:50	-89.40
1660173834	2022-08-11 01:23:54	-82.06
1660173836	2022-08-11 01:23:56	-79.84
1660173841	2022-08-11 01:24:01	-89.19
1660173843	2022-08-11 01:24:03	-77.39
1660173844	2022-08-11 01:24:04	-74.03
1660173846	2022-08-11 01:24:06	-77.08
1660173848	2022-08-11 01:24:08	-86.29
1660173855	2022-08-11 01:24:15	-72.71
1660173856	2022-08-11 01:24:16	-84.18
1660173866	2022-08-11 01:24:26	-84.99
1660173872	2022-08-11 01:24:32	-93.07
1660173876	2022-08-11 01:24:36	-88.71
1660173896	2022-08-11 01:24:56	-84.63
1660173905	2022-08-11 01:25:05	-94.63
1660173926	2022-08-11 01:25:26	-87.40
1660173947	2022-08-11 01:25:47	-82.26
1660173954	2022-08-11 01:25:54	-82.51
1660173956	2022-08-11 01:25:56	-82.54
1660173980	2022-08-11 01:26:20	-72.04
1660173981	2022-08-11 01:26:21	-82.91
1660173986	2022-08-11 01:26:26	-86.32
1660174007	2022-08-11 01:26:47	-86.94
1660174009	2022-08-11 01:26:49	-80.31
1660174016	2022-08-11 01:26:56	-82.32
1660174024	2022-08-11 01:27:04	-80.61
1660174026	2022-08-11 01:27:06	-85.89
1660174046	2022-08-11 01:27:26	-83.57
1660174076	2022-08-11 01:27:56	-84.72
1660174085	2022-08-11 01:28:05	-85.75
1660174106	2022-08-11 01:28:26	-81.77
1660174115	2022-08-11 01:28:35	-91.26
1660174119	2022-08-11 01:28:39	-77.56
1660174136	2022-08-11 01:28:56	-81.54
1660174141	2022-08-11 01:29:01	-88.59
1660174144	2022-08-11 01:29:04	-91.50
1660174145	2022-08-11 01:29:05	-86.87
1660174166	2022-08-11 01:29:26	-88.15
1660174176	2022-08-11 01:29:36	-89.61
1660174184	2022-08-11 01:29:44	-80.97
1660174190	2022-08-11 01:29:50	-88.43
1660174196	2022-08-11 01:29:56	-79.78
1660174204	2022-08-11 01:30:04	-96.41
1660174205	2022-08-11 01:30:05	-86.07
1660174210	2022-08-11 01:30:10	-84.77
1660174213	2022-08-11 01:30:13	-81.90
1660174226	2022-08-11 01:30:26	-83.03
1660174237	2022-08-11 01:30:37	-73.48
1660174241	2022-08-11 01:30:41	-89.19
1660174256	2022-08-11 01:30:56	-81.40
1660174264	2022-08-11 01:31:04	-82.82
1660174266	2022-08-11 01:31:06	-84.83
1660174286	2022-08-11 01:31:26	-80.05
1660174316	2022-08-11 01:31:56	-88.18
1660174346	2022-08-11 01:32:26	-85.49
1660174376	2022-08-11 01:32:56	-79.37
1660174378	2022-08-11 01:32:58	-78.27
1660174379	2022-08-11 01:32:59	-79.45
1660174406	2022-08-11 01:33:26	-83.18
1660174436	2022-08-11 01:33:56	-82.34
1660174458	2022-08-11 01:34:18	-72.27
1660174460	2022-08-11 01:34:20	-81.86
1660174466	2022-08-11 01:34:26	-80.16
1660174496	2022-08-11 01:34:56	-79.60
1660174514	2022-08-11 01:35:14	-82.38
1660174515	2022-08-11 01:35:15	-85.49
1660174518	2022-08-11 01:35:18	-78.94
1660174520	2022-08-11 01:35:20	-87.63
1660174524	2022-08-11 01:35:24	-79.90
1660174526	2022-08-11 01:35:26	-84.75
1660174528	2022-08-11 01:35:28	-83.17
1660174532	2022-08-11 01:35:32	-79.44
1660174556	2022-08-11 01:35:56	-79.95
1660174564	2022-08-11 01:36:04	-85.07
1660174568	2022-08-11 01:36:08	-80.04
1660174571	2022-08-11 01:36:11	-92.30
1660174577	2022-08-11 01:36:17	-79.40
1660174586	2022-08-11 01:36:26	-80.39
1660174591	2022-08-11 01:36:31	-82.27
1660174602	2022-08-11 01:36:42	-78.26
1660174604	2022-08-11 01:36:44	-80.45
1660174616	2022-08-11 01:36:56	-82.80
1660174624	2022-08-11 01:37:04	-86.21
1660174626	2022-08-11 01:37:06	-82.82
1660174637	2022-08-11 01:37:17	-74.73
1660174641	2022-08-11 01:37:21	-87.79
1660174645	2022-08-11 01:37:25	-85.18
1660174646	2022-08-11 01:37:26	-85.18
1660174676	2022-08-11 01:37:56	-81.23
1660174691	2022-08-11 01:38:11	-77.89
1660174693	2022-08-11 01:38:13	-84.39
1660174706	2022-08-11 01:38:26	-83.94
1660174707	2022-08-11 01:38:27	-79.34
1660174736	2022-08-11 01:38:56	-80.91
1660174744	2022-08-11 01:39:04	-71.42
1660174746	2022-08-11 01:39:06	-81.96
1660174766	2022-08-11 01:39:26	-89.83
1660174778	2022-08-11 01:39:38	-81.96
1660174780	2022-08-11 01:39:40	-76.28
1660174796	2022-08-11 01:39:56	-81.89
1660174799	2022-08-11 01:39:59	-78.58
1660174804	2022-08-11 01:40:04	-84.78
1660174806	2022-08-11 01:40:06	-83.09
1660174811	2022-08-11 01:40:11	-81.11
1660174818	2022-08-11 01:40:18	-93.61
1660174826	2022-08-11 01:40:26	-81.49
1660174856	2022-08-11 01:40:56	-93.24
1660174864	2022-08-11 01:41:04	-91.87
1660174866	2022-08-11 01:41:06	-82.25
1660174882	2022-08-11 01:41:22	-80.13
1660174885	2022-08-11 01:41:25	-82.31
1660174886	2022-08-11 01:41:26	-82.31
1660174916	2022-08-11 01:41:56	-75.49
1660174924	2022-08-11 01:42:04	-94.55
1660174926	2022-08-11 01:42:06	-82.54
1660174946	2022-08-11 01:42:26	-88.57
1660174976	2022-08-11 01:42:56	-82.00
1660174990	2022-08-11 01:43:10	-87.36
1660174992	2022-08-11 01:43:12	-77.26
1660175006	2022-08-11 01:43:26	-82.79
1660175020	2022-08-11 01:43:40	-87.28
1660175022	2022-08-11 01:43:42	-74.86
1660175035	2022-08-11 01:43:55	-81.45
1660175036	2022-08-11 01:43:56	-81.45
1660175044	2022-08-11 01:44:04	-72.59
1660175052	2022-08-11 01:44:12	-79.53
1660175060	2022-08-11 01:44:20	-72.08
1660175062	2022-08-11 01:44:22	-79.24
1660175066	2022-08-11 01:44:26	-87.54
1660175070	2022-08-11 01:44:30	-80.06
1660175096	2022-08-11 01:44:56	-82.41
1660175126	2022-08-11 01:45:26	-91.32
1660175142	2022-08-11 01:45:42	-81.39
1660175144	2022-08-11 01:45:44	-89.57
1660175156	2022-08-11 01:45:56	-92.54
1660175186	2022-08-11 01:46:26	-92.70
1660175216	2022-08-11 01:46:56	-92.41
1660175246	2022-08-11 01:47:26	-93.99
1660175276	2022-08-11 01:47:56	-90.72
1660175306	2022-08-11 01:48:26	-86.48
1660175336	2022-08-11 01:48:56	-90.43
1660175344	2022-08-11 01:49:04	-116.45
1660175346	2022-08-11 01:49:06	-83.16
1660175360	2022-08-11 01:49:20	-75.02
1660175362	2022-08-11 01:49:22	-83.59
1660175366	2022-08-11 01:49:26	-87.63
1660175396	2022-08-11 01:49:56	-84.44
1660175418	2022-08-11 01:50:18	-97.26
1660175426	2022-08-11 01:50:26	-94.23
1660175429	2022-08-11 01:50:29	-94.66
1660175456	2022-08-11 01:50:56	-87.90
1660175486	2022-08-11 01:51:26	-90.08
1660175516	2022-08-11 01:51:56	-87.35
1660175546	2022-08-11 01:52:26	-84.46
1660175567	2022-08-11 01:52:47	-85.86
1660175570	2022-08-11 01:52:50	-89.00
1660175576	2022-08-11 01:52:56	-82.77
1660175606	2022-08-11 01:53:26	-84.99
1660175636	2022-08-11 01:53:56	-89.93
1660175666	2022-08-11 01:54:26	-85.73
1660175680	2022-08-11 01:54:40	-86.88
1660175682	2022-08-11 01:54:42	-83.79
1660175696	2022-08-11 01:54:56	-86.30
1660175714	2022-08-11 01:55:14	-92.64
1660175724	2022-08-11 01:55:24	-76.92
1660175726	2022-08-11 01:55:26	-80.42
1660175755	2022-08-11 01:55:55	-84.77
1660175756	2022-08-11 01:55:56	-87.16
1660175760	2022-08-11 01:56:00	-87.96
1660175786	2022-08-11 01:56:26	-87.89
1660175806	2022-08-11 01:56:46	-84.91
1660175807	2022-08-11 01:56:47	-81.47
1660175816	2022-08-11 01:56:56	-82.56
1660175846	2022-08-11 01:57:26	-86.65
1660175876	2022-08-11 01:57:56	-86.92
1660175906	2022-08-11 01:58:26	-87.18
1660175936	2022-08-11 01:58:56	-88.05
1660175966	2022-08-11 01:59:26	-87.47
1660175996	2022-08-11 01:59:56	-84.88
